player_name,team,from_team,position,age,contract_value,aav,years,signed_year,source,position_raw
Manny Machado,SD,LAD,3B,,300000000.0,30000000.0,10,2019,spotrac_fa_tracker,3B/SS
Patrick Corbin,WSH,ARI,SP,,140000000.0,23333333.0,6,2019,spotrac_fa_tracker,SP/SP2
Nathan Eovaldi,BOS,BOS,SP,,68000000.0,17000000.0,4,2019,spotrac_fa_tracker,SP/SP1
A.J. Pollock,LAD,ARI,LF,,60000000.0,12000000.0,5,2019,spotrac_fa_tracker,LF
Andrew McCutchen,PHI,NYY,RF,,50000000.0,16666667.0,3,2019,spotrac_fa_tracker,RF/RF
Craig Kimbrel,CHC,BOS,RP,,43000000.0,14333333.0,3,2019,spotrac_fa_tracker,RP/CL
Yusei Kikuchi,SEA,,SP,,43000000.0,14333333.0,3,2019,spotrac_fa_tracker,SP
Zack Britton,NYY,NYY,RP,,39000000.0,13000000.0,3,2019,spotrac_fa_tracker,RP
J.A. Happ,NYY,NYY,SP,,34000000.0,17000000.0,2,2019,spotrac_fa_tracker,SP
Michael Brantley,HOU,CLE,LF,,32000000.0,16000000.0,2,2019,spotrac_fa_tracker,LF
Jeurys Familia,NYM,OAK,RP,,30000000.0,10000000.0,3,2019,spotrac_fa_tracker,RP/CL
Charlie Morton,TB,HOU,SP,,30000000.0,15000000.0,2,2019,spotrac_fa_tracker,SP/SP2
Lance Lynn,TEX,NYY,SP,,30000000.0,10000000.0,3,2019,spotrac_fa_tracker,SP/SP1
Adam Ottavino,NYY,COL,RP,,27000000.0,9000000.0,3,2019,spotrac_fa_tracker,RP/SU8
Joe Kelly,LAD,BOS,RP,,25000000.0,8333333.0,3,2019,spotrac_fa_tracker,RP
Andrew Miller,STL,CLE,RP,,25000000.0,12500000.0,2,2019,spotrac_fa_tracker,RP
D.J. LeMahieu,NYY,COL,2B,,24000000.0,12000000.0,2,2019,spotrac_fa_tracker,2B/DH
Daniel Murphy,COL,CHC,1B,,24000000.0,12000000.0,2,2019,spotrac_fa_tracker,1B
Josh Donaldson,ATL,CLE,3B,,23000000.0,23000000.0,1,2019,spotrac_fa_tracker,3B
David Robertson,PHI,NYY,RP,,23000000.0,11500000.0,2,2019,spotrac_fa_tracker,RP/CL
Dallas Keuchel,ATL,HOU,SP,,21021527.0,21021527.0,1,2019,spotrac_fa_tracker,SP/SP4
Marwin Gonzalez,MIN,HOU,3B,,21000000.0,10500000.0,2,2019,spotrac_fa_tracker,3B
Jed Lowrie,NYM,OAK,2B,,20000000.0,10000000.0,2,2019,spotrac_fa_tracker,2B
Wilson Ramos,NYM,PHI,C,,19000000.0,9500000.0,2,2019,spotrac_fa_tracker,C
Aníbal Sánchez,WSH,ATL,SP,,19000000.0,9500000.0,2,2019,spotrac_fa_tracker,SP
Yasmani Grandal,MIL,LAD,C,,18250000.0,18250000.0,1,2019,spotrac_fa_tracker,C
Kelvin Herrera,CWS,WSH,RP,,18000000.0,9000000.0,2,2019,spotrac_fa_tracker,RP
Hyun-Jin Ryu,LAD,LAD,SP,,17900000.0,17900000.0,1,2019,spotrac_fa_tracker,SP/SP3
Garrett Richards,SD,LAA,SP,,15500000.0,7750000.0,2,2019,spotrac_fa_tracker,SP
Joakim Soria,OAK,MIL,RP,,15000000.0,7500000.0,2,2019,spotrac_fa_tracker,RP/CL
Nelson Cruz,MIN,SEA,DH,,14300000.0,14300000.0,1,2019,spotrac_fa_tracker,DH
Michael Fiers,OAK,OAK,SP,,14100000.0,7050000.0,2,2019,spotrac_fa_tracker,SP
Justin Wilson,NYM,CHC,RP,,10000000.0,5000000.0,2,2019,spotrac_fa_tracker,RP
Kurt Suzuki,WSH,ATL,C,,10000000.0,5000000.0,2,2019,spotrac_fa_tracker,C
Mike Moustakas,MIL,MIL,3B,,10000000.0,10000000.0,1,2019,spotrac_fa_tracker,3B
Brian Dozier,WSH,LAD,2B,,9000000.0,9000000.0,1,2019,spotrac_fa_tracker,2B
Trevor Cahill,LAA,OAK,SP,,9000000.0,9000000.0,1,2019,spotrac_fa_tracker,SP
Cody Allen,LAA,CLE,RP,,8500000.0,8500000.0,1,2019,spotrac_fa_tracker,RP
Ian Kinsler,SD,BOS,2B,,8000000.0,4000000.0,2,2019,spotrac_fa_tracker,2B
Jesse Chavez,TEX,CHC,RP,,8000000.0,4000000.0,2,2019,spotrac_fa_tracker,RP
CC Sabathia,NYY,NYY,SP,,8000000.0,8000000.0,1,2019,spotrac_fa_tracker,SP/SP3
Jonathan Schoop,MIN,MIL,2B,,7500000.0,7500000.0,1,2019,spotrac_fa_tracker,2B/SS
Derek Holland,SF,SF,RP,,7000000.0,7000000.0,1,2019,spotrac_fa_tracker,RP
Trevor Rosenthal,WSH,STL,RP,,7000000.0,7000000.0,1,2019,spotrac_fa_tracker,RP
Jeff Mathis,TEX,ARI,C,,6250000.0,3125000.0,2,2019,spotrac_fa_tracker,C
Robinson Chirinos,HOU,TEX,C,,5750000.0,5750000.0,1,2019,spotrac_fa_tracker,C/1B
Tyson Ross,DET,STL,SP,,5750000.0,5750000.0,1,2019,spotrac_fa_tracker,SP
Merrill Kelly,ARI,OS,SP,,5500000.0,2750000.0,2,2019,spotrac_fa_tracker,SP/SP2/SP3/SP3
Jordy Mercer,DET,PIT,SS,,5250000.0,5250000.0,1,2019,spotrac_fa_tracker,SS
Billy Hamilton,KC,CIN,CF,,5250000.0,5250000.0,1,2019,spotrac_fa_tracker,CF
Freddy Galvis,TOR,SD,SS,,5000000.0,5000000.0,1,2019,spotrac_fa_tracker,SS
Daniel Descalso,CHC,ARI,2B,,5000000.0,2500000.0,2,2019,spotrac_fa_tracker,2B/LF
Wade Miley,HOU,MIL,SP,,4500000.0,4500000.0,1,2019,spotrac_fa_tracker,SP/SP2
Wilmer Flores,ARI,NYM,1B,,4250000.0,4250000.0,1,2019,spotrac_fa_tracker,1B
Martín Pérez,MIN,TEX,SP,,4000000.0,4000000.0,1,2019,spotrac_fa_tracker,SP/SP5
Marco Estrada,OAK,TOR,SP,,4000000.0,4000000.0,1,2019,spotrac_fa_tracker,SP/SP3
Matt Adams,WSH,STL,1B,,4000000.0,4000000.0,1,2019,spotrac_fa_tracker,1B
Jon Jay,CWS,ARI,RF,,4000000.0,4000000.0,1,2019,spotrac_fa_tracker,RF
Avisaíl García,TB,CWS,RF,,3500000.0,3500000.0,1,2019,spotrac_fa_tracker,RF
Matt Shoemaker,TOR,LAA,SP,,3500000.0,3500000.0,1,2019,spotrac_fa_tracker,SP/SP5
Asdrubal Cabrera,TEX,PHI,2B,,3500000.0,3500000.0,1,2019,spotrac_fa_tracker,2B
Jonathan Lucroy,LAA,OAK,C,,3350000.0,3350000.0,1,2019,spotrac_fa_tracker,C
Greg Holland,ARI,WSH,RP,,3250000.0,3250000.0,1,2019,spotrac_fa_tracker,RP
Adam Jones,ARI,BAL,CF,,3000000.0,3000000.0,1,2019,spotrac_fa_tracker,CF
Brad Brach,CHC,ATL,RP,,3000000.0,3000000.0,1,2019,spotrac_fa_tracker,RP
Chris Owings,KC,ARI,SS,,3000000.0,3000000.0,1,2019,spotrac_fa_tracker,SS
Clay Buchholz,TOR,ARI,SP,,3000000.0,3000000.0,1,2019,spotrac_fa_tracker,SP/SP3
Lonnie Chisenhall,PIT,CLE,RF,,2750000.0,2750000.0,1,2019,spotrac_fa_tracker,RF
Jake Diekman,KC,ARI,RP,,2750000.0,2750000.0,1,2019,spotrac_fa_tracker,RP
Shawn Kelley,TEX,OAK,RP,,2750000.0,2750000.0,1,2019,spotrac_fa_tracker,RP
Matt Moore,DET,TEX,RP,,2500000.0,2500000.0,1,2019,spotrac_fa_tracker,RP/SU7
Martin Maldonado,KC,HOU,C,,2500000.0,2500000.0,1,2019,spotrac_fa_tracker,C
David Phelps,TOR,SEA,RP,,2500000.0,2500000.0,1,2019,spotrac_fa_tracker,RP
Adam Warren,SD,SEA,RP,,2500000.0,2500000.0,1,2019,spotrac_fa_tracker,RP
James McCann,CWS,DET,C,,2500000.0,2500000.0,1,2019,spotrac_fa_tracker,C
Justin Bour,LAA,PHI,1B,,2500000.0,2500000.0,1,2019,spotrac_fa_tracker,1B
Sergio Romo,MIA,TB,RP,,2500000.0,2500000.0,1,2019,spotrac_fa_tracker,RP
Oliver Perez,CLE,CLE,RP,,2500000.0,2500000.0,1,2019,spotrac_fa_tracker,RP
Brad Boxberger,KC,ARI,RP,,2200000.0,2200000.0,1,2019,spotrac_fa_tracker,RP/SU8
Jordan Lyles,PIT,MIL,SP,,2050000.0,2050000.0,1,2019,spotrac_fa_tracker,SP
Josh Harrison,DET,PIT,2B,,2000000.0,2000000.0,1,2019,spotrac_fa_tracker,2B/SS
Brian McCann,ATL,HOU,C,,2000000.0,2000000.0,1,2019,spotrac_fa_tracker,C
Shelby Miller,TEX,ARI,RP,,2000000.0,2000000.0,1,2019,spotrac_fa_tracker,RP/SU7
Zach Duke,CIN,SEA,RP,,2000000.0,2000000.0,1,2019,spotrac_fa_tracker,RP
Robbie Grossman,OAK,MIN,RF,,2000000.0,2000000.0,1,2019,spotrac_fa_tracker,RF
Neil Walker,MIA,NYY,2B,,2000000.0,2000000.0,1,2019,spotrac_fa_tracker,2B
Gio Gonzalez,MIL,NYY,SP,,2000000.0,2000000.0,1,2019,spotrac_fa_tracker,SP/SP4
Blake Parker,MIN,LAA,RP,,1800000.0,1800000.0,1,2019,spotrac_fa_tracker,RP
Tim Beckham,SEA,BAL,3B,,1750000.0,1750000.0,1,2019,spotrac_fa_tracker,3B
Drew Pomeranz,SF,BOS,RP,,1500000.0,1500000.0,1,2019,spotrac_fa_tracker,RP
Brett Anderson,OAK,OAK,SP,,1500000.0,1500000.0,1,2019,spotrac_fa_tracker,SP
Aaron Loup,SD,PHI,RP,,1400000.0,1400000.0,1,2019,spotrac_fa_tracker,RP
Cory Gearrin,SEA,OAK,RP,,1400000.0,1400000.0,1,2019,spotrac_fa_tracker,RP
Hunter Strickland,SEA,SF,RP,,1300000.0,1300000.0,1,2019,spotrac_fa_tracker,RP
Jeremy Hellickson,WSH,WSH,RP,,1300000.0,1300000.0,1,2019,spotrac_fa_tracker,RP
Tony Sipp,WSH,HOU,RP,,1250000.0,1250000.0,1,2019,spotrac_fa_tracker,RP
Cory Spangenberg,MIL,SD,2B,,1200000.0,1200000.0,1,2019,spotrac_fa_tracker,2B
Caleb Joseph,ARI,BAL,C,,1100000.0,1100000.0,1,2019,spotrac_fa_tracker,C
Chris Herrmann,OAK,HOU,C,,1000000.0,1000000.0,1,2019,spotrac_fa_tracker,C
Brad Miller,CLE,LAD,LF,,1000000.0,1000000.0,1,2019,spotrac_fa_tracker,LF/2B
Jake Petricka,MIL,TOR,RP,,900000.0,900000.0,1,2019,spotrac_fa_tracker,RP
Nate Karns,BAL,KC,SP,,800000.0,800000.0,1,2019,spotrac_fa_tracker,SP
Tony Barnette,CHC,TEX,RP,,750000.0,750000.0,1,2019,spotrac_fa_tracker,RP
Alex Wilson,MIL,CLE,RP,,750000.0,750000.0,1,2019,spotrac_fa_tracker,RP
Zac Rosscup,SEA,LAD,RP,,610000.0,610000.0,1,2019,spotrac_fa_tracker,RP
Pat Venditte,SF,LAD,RP,,585000.0,585000.0,1,2019,spotrac_fa_tracker,RP
Kendall Graveman,CHC,OAK,RP,,575000.0,575000.0,1,2019,spotrac_fa_tracker,RP/CL
Troy Tulowitzki,NYY,TOR,SS,,555000.0,555000.0,1,2019,spotrac_fa_tracker,SS
Francisco Cervelli,ATL,PIT,C,,555000.0,555000.0,1,2019,spotrac_fa_tracker,C
Joe Panik,NYM,SF,2B,,555000.0,555000.0,1,2019,spotrac_fa_tracker,2B
Jonathan Lucroy,CHC,LAA,C,,555000.0,555000.0,1,2019,spotrac_fa_tracker,C
Stephen Strasburg,WSH,WSH,SP,,245000000.0,35000000.0,7,2020,spotrac_fa_tracker,SP/SP1
Zack Wheeler,PHI,NYM,SP,,118000000.0,23600000.0,5,2020,spotrac_fa_tracker,SP/SP1
Josh Donaldson,MIN,ATL,3B,,92000000.0,23000000.0,4,2020,spotrac_fa_tracker,3B
Madison Bumgarner,ARI,SF,SP,,85000000.0,17000000.0,5,2020,spotrac_fa_tracker,SP/SP1
Hyun-Jin Ryu,TOR,LAD,SP,,80000000.0,20000000.0,4,2020,spotrac_fa_tracker,SP/SP3
Nick Castellanos,CIN,CHC,DH,,64000000.0,16000000.0,4,2020,spotrac_fa_tracker,DH/RF
Mike Moustakas,CIN,MIL,3B,,64000000.0,16000000.0,4,2020,spotrac_fa_tracker,3B
Dallas Keuchel,CWS,ATL,SP,,55500000.0,18500000.0,3,2020,spotrac_fa_tracker,SP/SP4
Will Smith,ATL,SF,RP,,40000000.0,13333333.0,3,2020,spotrac_fa_tracker,RP/CL
Drew Pomeranz,SD,MIL,RP,,34000000.0,8500000.0,4,2020,spotrac_fa_tracker,RP
Kyle Gibson,TEX,MIN,SP,,28000000.0,9333333.0,3,2020,spotrac_fa_tracker,SP/SP4
Will Harris,WSH,HOU,RP,,24000000.0,8000000.0,3,2020,spotrac_fa_tracker,RP
Tanner Roark,TOR,OAK,SP,,24000000.0,12000000.0,2,2020,spotrac_fa_tracker,SP
Michael Pineda,MIN,MIN,SP,,20000000.0,10000000.0,2,2020,spotrac_fa_tracker,SP
Avisaíl García,MIL,TB,RF,,20000000.0,10000000.0,2,2020,spotrac_fa_tracker,RF
Cole Hamels,ATL,CHC,SP,,18000000.0,18000000.0,1,2020,spotrac_fa_tracker,SP/SP2
Marcell Ozuna,ATL,STL,DH,,18000000.0,18000000.0,1,2020,spotrac_fa_tracker,DH/LF
Jose Abreu,CWS,CWS,1B,,17800000.0,17800000.0,1,2020,spotrac_fa_tracker,1B/DH
Corey Dickerson,MIA,PHI,LF,,17500000.0,8750000.0,2,2020,spotrac_fa_tracker,LF
Kole Calhoun,ARI,LAA,RF,,16000000.0,8000000.0,2,2020,spotrac_fa_tracker,RF/LF
Jordan Lyles,TEX,MIL,SP,,16000000.0,8000000.0,2,2020,spotrac_fa_tracker,SP
Travis d'Arnaud,ATL,TB,C,,16000000.0,8000000.0,2,2020,spotrac_fa_tracker,C
Wade Miley,CIN,HOU,SP,,15000000.0,7500000.0,2,2020,spotrac_fa_tracker,SP/SP2
Didi Gregorius,PHI,NYY,SS,,14000000.0,14000000.0,1,2020,spotrac_fa_tracker,SS
Chris Martin,ATL,ATL,RP,,14000000.0,7000000.0,2,2020,spotrac_fa_tracker,RP/SU8
Brett Gardner,NYY,NYY,LF,,12500000.0,12500000.0,1,2020,spotrac_fa_tracker,LF/CF
Starlin Castro,WSH,MIA,2B,,12000000.0,6000000.0,2,2020,spotrac_fa_tracker,2B
Edwin Encarnacion,CWS,NYY,DH,,12000000.0,12000000.0,1,2020,spotrac_fa_tracker,DH/1B
Daniel Hudson,WSH,WSH,RP,,11000000.0,5500000.0,2,2020,spotrac_fa_tracker,RP/CL
Dellin Betances,NYM,NYY,RP,,10500000.0,10500000.0,1,2020,spotrac_fa_tracker,RP
Rick Porcello,NYM,BOS,SP,,10000000.0,10000000.0,1,2020,spotrac_fa_tracker,SP/SP3
Yan Gomes,WSH,WSH,C,,10000000.0,5000000.0,2,2020,spotrac_fa_tracker,C
Blake Treinen,LAD,OAK,RP,,10000000.0,10000000.0,1,2020,spotrac_fa_tracker,RP
Josh Lindblom,MIL,OS,SP,,9125000.0,3041667.0,3,2020,spotrac_fa_tracker,SP
Julio Teherán,LAA,ATL,SP,,9000000.0,9000000.0,1,2020,spotrac_fa_tracker,SP
Kevin Gausman,SF,CIN,SP,,9000000.0,9000000.0,1,2020,spotrac_fa_tracker,SP/SP2
Craig Stammen,SD,SD,RP,,9000000.0,4500000.0,2,2020,spotrac_fa_tracker,RP
Joe Smith,HOU,HOU,RP,,8000000.0,4000000.0,2,2020,spotrac_fa_tracker,RP
Kwang-hyun Kim,STL,KOR,SP,,8000000.0,4000000.0,2,2020,spotrac_fa_tracker,SP
Jake Diekman,OAK,OAK,RP,,7500000.0,3750000.0,2,2020,spotrac_fa_tracker,RP
Homer Bailey,MIN,OAK,SP,,7000000.0,7000000.0,1,2020,spotrac_fa_tracker,SP
Martin Maldonado,HOU,HOU,C,,7000000.0,3500000.0,2,2020,spotrac_fa_tracker,C
Jason Castro,LAA,MIN,C,,6850000.0,6850000.0,1,2020,spotrac_fa_tracker,C/DH
Robinson Chirinos,TEX,HOU,C,,6750000.0,6750000.0,1,2020,spotrac_fa_tracker,C/1B
Shun Yamaguchi,TOR,,SP,,6350000.0,3175000.0,2,2020,spotrac_fa_tracker,P
César Hernández,CLE,PHI,2B,,6250000.0,6250000.0,1,2020,spotrac_fa_tracker,2B
Howie Kendrick,WSH,WSH,2B,,6250000.0,6250000.0,1,2020,spotrac_fa_tracker,2B/LF
Wilmer Flores,SF,ARI,1B,,6250000.0,3125000.0,2,2020,spotrac_fa_tracker,1B
C.J. Cron,DET,MIN,1B,,6100000.0,6100000.0,1,2020,spotrac_fa_tracker,1B
Jonathan Schoop,DET,MIN,2B,,6100000.0,6100000.0,1,2020,spotrac_fa_tracker,2B/SS
Steve Cishek,CWS,CHC,RP,,6000000.0,6000000.0,1,2020,spotrac_fa_tracker,RP
Martín Pérez,BOS,MIN,SP,,6000000.0,6000000.0,1,2020,spotrac_fa_tracker,SP/SP5
Joely Rodriguez,TEX,OS,RP,,5500000.0,2750000.0,2,2020,spotrac_fa_tracker,RP
Adam Wainwright,STL,STL,SP,,5000000.0,5000000.0,1,2020,spotrac_fa_tracker,SP/SP1
Pierce Johnson,SD,OS,RP,,5000000.0,2500000.0,2,2020,spotrac_fa_tracker,RP/SU8
Todd Frazier,TEX,NYM,3B,,5000000.0,5000000.0,1,2020,spotrac_fa_tracker,3B
Brett Anderson,MIL,OAK,SP,,5000000.0,5000000.0,1,2020,spotrac_fa_tracker,SP
Sergio Romo,MIN,MIN,RP,,5000000.0,5000000.0,1,2020,spotrac_fa_tracker,RP
Gio Gonzalez,CWS,MIL,SP,,5000000.0,5000000.0,1,2020,spotrac_fa_tracker,SP/SP4
Justin Smoak,MIL,TOR,1B,,5000000.0,5000000.0,1,2020,spotrac_fa_tracker,1B
Eric Sogard,MIL,TB,3B,,4500000.0,4500000.0,1,2020,spotrac_fa_tracker,3B/SS
Kevin Pillar,BOS,SF,CF,,4250000.0,4250000.0,1,2020,spotrac_fa_tracker,CF
Alex Avila,MIN,ARI,C,,4250000.0,4250000.0,1,2020,spotrac_fa_tracker,C
Austin Romine,DET,NYY,C,,4150000.0,4150000.0,1,2020,spotrac_fa_tracker,C
Alex Wood,LAD,CIN,SP,,4000000.0,4000000.0,1,2020,spotrac_fa_tracker,SP/SP3
Nick Markakis,ATL,ATL,RF,,4000000.0,4000000.0,1,2020,spotrac_fa_tracker,RF
Tyler Flowers,ATL,ATL,C,,4000000.0,4000000.0,1,2020,spotrac_fa_tracker,C
Travis Shaw,TOR,MIL,1B,,4000000.0,4000000.0,1,2020,spotrac_fa_tracker,1B/3B
Alex Gordon,KC,KC,LF,,4000000.0,4000000.0,1,2020,spotrac_fa_tracker,OF
Eric Thames,WSH,MIL,1B,,4000000.0,4000000.0,1,2020,spotrac_fa_tracker,1B
Drew Smyly,SF,PHI,SP,,4000000.0,4000000.0,1,2020,spotrac_fa_tracker,SP
Brock Holt,MIL,BOS,2B,,3250000.0,3250000.0,1,2020,spotrac_fa_tracker,2B
Brandon Kintzler,MIA,CHC,RP,,3250000.0,3250000.0,1,2020,spotrac_fa_tracker,RP
Michael Wacha,NYM,STL,SP,,3000000.0,3000000.0,1,2020,spotrac_fa_tracker,SP/SP5
Rich Hill,MIN,LAD,SP,,3000000.0,3000000.0,1,2020,spotrac_fa_tracker,SP
Héctor Rondón,ARI,HOU,RP,,3000000.0,3000000.0,1,2020,spotrac_fa_tracker,RP
Mitch Moreland,BOS,BOS,1B,,3000000.0,3000000.0,1,2020,spotrac_fa_tracker,1B/DH
Hunter Pence,SF,TEX,RF,,3000000.0,3000000.0,1,2020,spotrac_fa_tracker,RF
Stephen Vogt,ARI,SF,C,,3000000.0,3000000.0,1,2020,spotrac_fa_tracker,C
Jose Iglesias,BAL,CIN,SS,,3000000.0,3000000.0,1,2020,spotrac_fa_tracker,SS
Maikel Franco,KC,PHI,3B,,2950000.0,2950000.0,1,2020,spotrac_fa_tracker,3B
José Peraza,BOS,CIN,SS,,2850000.0,2850000.0,1,2020,spotrac_fa_tracker,SS
Darren O'Day,ATL,ATL,RP,,2750000.0,2750000.0,1,2020,spotrac_fa_tracker,RP
Tyler Clippard,MIN,CLE,RP,,2750000.0,2750000.0,1,2020,spotrac_fa_tracker,RP
Junior Guerra,ARI,MIL,RP,,2650000.0,2650000.0,1,2020,spotrac_fa_tracker,RP
Asdrubal Cabrera,WSH,WSH,2B,,2500000.0,2500000.0,1,2020,spotrac_fa_tracker,2B
Brad Brach,NYM,NYM,RP,,2100000.0,1050000.0,2,2020,spotrac_fa_tracker,RP
Ryan Zimmerman,WSH,WSH,1B,,2000000.0,2000000.0,1,2020,spotrac_fa_tracker,1B
Jedd Gyorko,MIL,LAD,3B,,2000000.0,2000000.0,1,2020,spotrac_fa_tracker,3B
Taijuan Walker,SEA,ARI,SP,,2000000.0,2000000.0,1,2020,spotrac_fa_tracker,SP/SP3
Jarrod Dyson,PIT,ARI,CF,,2000000.0,2000000.0,1,2020,spotrac_fa_tracker,CF
Kendall Graveman,SEA,CHC,RP,,2000000.0,2000000.0,1,2020,spotrac_fa_tracker,RP/CL
Matt Wieters,STL,STL,C,,2000000.0,2000000.0,1,2020,spotrac_fa_tracker,C
Brad Miller,STL,PHI,LF,,2000000.0,2000000.0,1,2020,spotrac_fa_tracker,LF/2B
Francisco Cervelli,MIA,ATL,C,,2000000.0,2000000.0,1,2020,spotrac_fa_tracker,C
Pedro Strop,CIN,CHC,RP,,1825000.0,1825000.0,1,2020,spotrac_fa_tracker,RP
Tyler Anderson,SF,SF,SP,,1775000.0,1775000.0,1,2020,spotrac_fa_tracker,SP
Álex Claudio,MIL,MIL,RP,,1750000.0,1750000.0,1,2020,spotrac_fa_tracker,RP
Yoshihisa Hirano,SEA,ARI,RP,,1600000.0,1600000.0,1,2020,spotrac_fa_tracker,RP/CL
Domingo Santana,CLE,SEA,RF,,1500000.0,1500000.0,1,2020,spotrac_fa_tracker,RF
Ivan Nova,DET,CWS,SP,,1500000.0,1500000.0,1,2020,spotrac_fa_tracker,SP/SP3
Anthony Swarzak,PHI,ATL,RP,,1500000.0,1500000.0,1,2020,spotrac_fa_tracker,RP
David Phelps,MIL,CHC,RP,,1500000.0,1500000.0,1,2020,spotrac_fa_tracker,RP
Matt Joyce,MIA,ATL,LF,,1500000.0,1500000.0,1,2020,spotrac_fa_tracker,LF
Cameron Maybin,DET,NYY,RF,,1500000.0,1500000.0,1,2020,spotrac_fa_tracker,RF
Jimmy Nelson,LAD,MIL,RP,,1250000.0,1250000.0,1,2020,spotrac_fa_tracker,RP
Yimi Garcia,MIA,LAD,RP,,1100000.0,1100000.0,1,2020,spotrac_fa_tracker,RP/SU7
Steven Souza,CHC,ARI,RF,,1000000.0,1000000.0,1,2020,spotrac_fa_tracker,RF
Ryon Healy,MIL,SEA,1B,,1000000.0,1000000.0,1,2020,spotrac_fa_tracker,1B/DH
Guillermo Heredia,PIT,TB,CF,,1000000.0,1000000.0,1,2020,spotrac_fa_tracker,CF
Adeiny Hechavarria,ATL,ATL,SS,,1000000.0,1000000.0,1,2020,spotrac_fa_tracker,SS
Rafael Dolis,TOR,OS,RP,,1000000.0,1000000.0,1,2020,spotrac_fa_tracker,RP
C.J. Edwards,SEA,SD,RP,,950000.0,950000.0,1,2020,spotrac_fa_tracker,RP/SU7
Ryan Tepera,CHC,TOR,RP,,900000.0,900000.0,1,2020,spotrac_fa_tracker,RP
Luke Maile,PIT,TOR,C,,900000.0,900000.0,1,2020,spotrac_fa_tracker,C
Kevin Plawecki,BOS,CLE,C,,900000.0,900000.0,1,2020,spotrac_fa_tracker,C
Jeremy Jeffress,CHC,MIL,RP,,850000.0,850000.0,1,2020,spotrac_fa_tracker,RP
Josh Osich,BOS,BOS,RP,,850000.0,850000.0,1,2020,spotrac_fa_tracker,RP
Tommy Hunter,PHI,PHI,RP,,850000.0,850000.0,1,2020,spotrac_fa_tracker,RP
Kohl Stewart,BAL,MIN,SP,,800000.0,800000.0,1,2020,spotrac_fa_tracker,SP/SP4
Dan Winkler,CHC,SF,RP,,750000.0,750000.0,1,2020,spotrac_fa_tracker,RP
Jared Hughes,NYM,HOU,RP,,700000.0,700000.0,1,2020,spotrac_fa_tracker,RP
Dustin Garneau,HOU,OAK,C,,650000.0,650000.0,1,2020,spotrac_fa_tracker,C
Marco Hernandez,BOS,BOS,3B,,650000.0,650000.0,1,2020,spotrac_fa_tracker,3B
James Hoyt,CLE,CLE,RP,,608500.0,608500.0,1,2020,spotrac_fa_tracker,RP
Jesse Hahn,KC,KC,RP,,600000.0,600000.0,1,2020,spotrac_fa_tracker,RP
Collin McHugh,BOS,HOU,RP,,600000.0,600000.0,1,2020,spotrac_fa_tracker,RP
Jake Lamb,OAK,ARI,1B,,563500.0,563500.0,1,2020,spotrac_fa_tracker,1B
Jake McGee,LAD,COL,RP,,563500.0,563500.0,1,2020,spotrac_fa_tracker,RP/SU8
Brock Holt,WSH,MIL,2B,,563500.0,563500.0,1,2020,spotrac_fa_tracker,2B
Trevor Bauer,LAD,CIN,SP,,102000000.0,34000000.0,3,2021,spotrac_fa_tracker,SP
D.J. LeMahieu,NYY,NYY,2B,,90000000.0,15000000.0,6,2021,spotrac_fa_tracker,2B/DH
Marcell Ozuna,ATL,ATL,DH,,65000000.0,16250000.0,4,2021,spotrac_fa_tracker,DH/LF
James McCann,NYM,CWS,C,,40600000.0,10150000.0,4,2021,spotrac_fa_tracker,C
Justin Turner,LAD,LAD,3B,,34000000.0,17000000.0,2,2021,spotrac_fa_tracker,3B/1B
Michael Brantley,HOU,HOU,LF,,32000000.0,16000000.0,2,2021,spotrac_fa_tracker,LF
Didi Gregorius,PHI,PHI,SS,,28000000.0,14000000.0,2,2021,spotrac_fa_tracker,SS
Ha-seong Kim,SD,KOR,2B,,28000000.0,7000000.0,4,2021,spotrac_fa_tracker,2B/SS
Jackie Bradley Jr.,MIL,BOS,CF,,24000000.0,12000000.0,2,2021,spotrac_fa_tracker,CF
Jake Odorizzi,HOU,MIN,SP,,23500000.0,7833333.0,3,2021,spotrac_fa_tracker,SP
Taijuan Walker,NYM,TOR,SP,,23000000.0,7666667.0,3,2021,spotrac_fa_tracker,SP/SP3
Jurickson Profar,SD,SD,LF,,21000000.0,7000000.0,3,2021,spotrac_fa_tracker,LF
Marcus Stroman,NYM,NYM,SP,,18900000.0,18900000.0,1,2021,spotrac_fa_tracker,SP/SP1
Kevin Gausman,SF,SF,SP,,18900000.0,18900000.0,1,2021,spotrac_fa_tracker,SP/SP2
Tommy La Stella,SF,OAK,2B,,18750000.0,6250000.0,3,2021,spotrac_fa_tracker,2B
Kolten Wong,MIL,STL,2B,,18000000.0,9000000.0,2,2021,spotrac_fa_tracker,2B
Marcus Semien,TOR,OAK,2B,,18000000.0,18000000.0,1,2021,spotrac_fa_tracker,2B
Mike Minor,KC,OAK,SP,,18000000.0,9000000.0,2,2021,spotrac_fa_tracker,SP/SP1
Carlos Santana,KC,CLE,1B,,17500000.0,8750000.0,2,2021,spotrac_fa_tracker,1B/DH
Blake Treinen,LAD,LAD,RP,,17500000.0,8750000.0,2,2021,spotrac_fa_tracker,RP
Trevor May,NYM,MIN,RP,,15500000.0,7750000.0,2,2021,spotrac_fa_tracker,RP/CL
Charlie Morton,ATL,TB,SP,,15000000.0,15000000.0,1,2021,spotrac_fa_tracker,SP/SP2
Enrique Hernandez,BOS,LAD,SS,,14000000.0,7000000.0,2,2021,spotrac_fa_tracker,SS/OF
Nelson Cruz,MIN,MIN,DH,,13000000.0,13000000.0,1,2021,spotrac_fa_tracker,DH
Pedro Baez,HOU,LAD,RP,,12500000.0,6250000.0,2,2021,spotrac_fa_tracker,RP
Corey Kluber,NYY,TEX,SP,,11000000.0,11000000.0,1,2021,spotrac_fa_tracker,SP/SP3
Trevor Rosenthal,OAK,SD,RP,,11000000.0,11000000.0,1,2021,spotrac_fa_tracker,RP
Drew Smyly,ATL,SF,SP,,11000000.0,11000000.0,1,2021,spotrac_fa_tracker,SP
Andrelton Simmons,MIN,LAA,SS,,10500000.0,10500000.0,1,2021,spotrac_fa_tracker,SS
Brad Hand,WSH,CLE,RP,,10500000.0,10500000.0,1,2021,spotrac_fa_tracker,RP
Kyle Schwarber,WSH,CHC,LF,,10000000.0,10000000.0,1,2021,spotrac_fa_tracker,LF/OF
Garrett Richards,BOS,SD,SP,,10000000.0,10000000.0,1,2021,spotrac_fa_tracker,SP
Robbie Grossman,DET,OAK,RF,,10000000.0,5000000.0,2,2021,spotrac_fa_tracker,RF
Yadier Molina,STL,STL,C,,9000000.0,9000000.0,1,2021,spotrac_fa_tracker,C
James Paxton,SEA,NYY,SP,,8500000.0,8500000.0,1,2021,spotrac_fa_tracker,SP/SP2
Jose Quintana,LAA,CHC,SP,,8000000.0,8000000.0,1,2021,spotrac_fa_tracker,SP/SP1
Adam Eaton,CWS,WSH,RF,,8000000.0,8000000.0,1,2021,spotrac_fa_tracker,RF
Robbie Ray,TOR,TOR,SP,,8000000.0,8000000.0,1,2021,spotrac_fa_tracker,SP/SP1
Eddie Rosario,CLE,MIN,LF,,8000000.0,8000000.0,1,2021,spotrac_fa_tracker,LF
J.A. Happ,MIN,NYY,SP,,8000000.0,8000000.0,1,2021,spotrac_fa_tracker,SP
Adam Wainwright,STL,STL,SP,,8000000.0,8000000.0,1,2021,spotrac_fa_tracker,SP/SP1
Ken Giles,SEA,TOR,RP,,7000000.0,3500000.0,2,2021,spotrac_fa_tracker,RP
Joc Pederson,CHC,LAD,LF,,7000000.0,7000000.0,1,2021,spotrac_fa_tracker,LF/DH
Jason Castro,HOU,SD,C,,7000000.0,3500000.0,2,2021,spotrac_fa_tracker,C/DH
Chris Archer,TB,PIT,SP,,6500000.0,6500000.0,1,2021,spotrac_fa_tracker,SP
Kevin Pillar,NYM,COL,CF,,6500000.0,3250000.0,2,2021,spotrac_fa_tracker,CF
Alex Colomé,MIN,CWS,RP,,6250000.0,6250000.0,1,2021,spotrac_fa_tracker,RP
Kohei Arihara,TEX,,SP,,6200000.0,3100000.0,2,2021,spotrac_fa_tracker,SP
Anthony DeSclafani,SF,CIN,SP,,6000000.0,6000000.0,1,2021,spotrac_fa_tracker,SP
Archie Bradley,PHI,CIN,RP,,6000000.0,6000000.0,1,2021,spotrac_fa_tracker,RP
Jake Arrieta,CHC,PHI,SP,,6000000.0,6000000.0,1,2021,spotrac_fa_tracker,SP/SP1
Kirby Yates,TOR,SD,RP,,5500000.0,5500000.0,1,2021,spotrac_fa_tracker,RP
Tommy Kahnle,LAD,NYY,RP,,5250000.0,2625000.0,2,2021,spotrac_fa_tracker,RP
Justin Wilson,NYY,NYM,RP,,5150000.0,2575000.0,2,2021,spotrac_fa_tracker,RP
Brett Gardner,NYY,NYY,LF,,5150000.0,2575000.0,2,2021,spotrac_fa_tracker,LF/CF
Adam Duvall,MIA,ATL,RF,,5000000.0,5000000.0,1,2021,spotrac_fa_tracker,RF
Jon Lester,WSH,CHC,SP,,5000000.0,5000000.0,1,2021,spotrac_fa_tracker,SP
Anthony Bass,MIA,TOR,RP,,5000000.0,2500000.0,2,2021,spotrac_fa_tracker,RP
César Hernández,CLE,CLE,2B,,5000000.0,5000000.0,1,2021,spotrac_fa_tracker,2B
Jake McGee,SF,LAD,RP,,5000000.0,2500000.0,2,2021,spotrac_fa_tracker,RP/SU8
Chris Flexen,SEA,OS,SP,,4750000.0,2375000.0,2,2021,spotrac_fa_tracker,SP
Jonathan Schoop,DET,DET,2B,,4500000.0,4500000.0,1,2021,spotrac_fa_tracker,2B/SS
Chase Anderson,PHI,TOR,SP,,4000000.0,4000000.0,1,2021,spotrac_fa_tracker,SP
Aaron Sanchez,SF,HOU,SP,,4000000.0,4000000.0,1,2021,spotrac_fa_tracker,SP/SP2
Jonathan Villar,NYM,TOR,SS,,3550000.0,3550000.0,1,2021,spotrac_fa_tracker,SS/3B
Joakim Soria,ARI,OAK,RP,,3500000.0,3500000.0,1,2021,spotrac_fa_tracker,RP/CL
Michael Fiers,OAK,OAK,SP,,3500000.0,3500000.0,1,2021,spotrac_fa_tracker,SP
Brad Miller,PHI,STL,LF,,3500000.0,3500000.0,1,2021,spotrac_fa_tracker,LF/2B
José Ureña,DET,MIA,SP,,3250000.0,3250000.0,1,2021,spotrac_fa_tracker,SP/RP
Darren O'Day,NYY,ATL,RP,,3150000.0,1575000.0,2,2021,spotrac_fa_tracker,RP
Hunter Renfroe,BOS,TB,RF,,3100000.0,3100000.0,1,2021,spotrac_fa_tracker,RF
Mike Zunino,TB,TB,C,,3000000.0,3000000.0,1,2021,spotrac_fa_tracker,C
Carlos Rodon,CWS,CWS,SP,,3000000.0,3000000.0,1,2021,spotrac_fa_tracker,SP
Mark Melancon,SD,ATL,RP,,3000000.0,3000000.0,1,2021,spotrac_fa_tracker,RP
Tyler Chatwood,TOR,CHC,RP,,3000000.0,3000000.0,1,2021,spotrac_fa_tracker,RP
Marwin Gonzalez,BOS,MIN,3B,,3000000.0,3000000.0,1,2021,spotrac_fa_tracker,3B
Michael Wacha,TB,NYM,SP,,3000000.0,3000000.0,1,2021,spotrac_fa_tracker,SP/SP5
Alex Wood,SF,LAD,SP,,3000000.0,3000000.0,1,2021,spotrac_fa_tracker,SP/SP3
Aaron Loup,NYM,TB,RP,,3000000.0,3000000.0,1,2021,spotrac_fa_tracker,RP
Matt Moore,PHI,OS,RP,,3000000.0,3000000.0,1,2021,spotrac_fa_tracker,RP/SU7
Andrew Chafin,CHC,CHC,RP,,2750000.0,2750000.0,1,2021,spotrac_fa_tracker,RP/CL
Greg Holland,KC,KC,RP,,2750000.0,2750000.0,1,2021,spotrac_fa_tracker,RP
David Dahl,TEX,COL,LF,,2700000.0,2700000.0,1,2021,spotrac_fa_tracker,OF
Yusmeiro Petit,OAK,OAK,RP,,2550000.0,2550000.0,1,2021,spotrac_fa_tracker,RP
Trevor Williams,CHC,PIT,RP,,2500000.0,2500000.0,1,2021,spotrac_fa_tracker,RP
Tyler Anderson,PIT,SF,SP,,2500000.0,2500000.0,1,2021,spotrac_fa_tracker,SP
Brett Anderson,MIL,MIL,SP,,2500000.0,2500000.0,1,2021,spotrac_fa_tracker,SP
Rich Hill,TB,MIN,SP,,2500000.0,2500000.0,1,2021,spotrac_fa_tracker,SP
Tyler Clippard,ARI,MIN,RP,,2250000.0,2250000.0,1,2021,spotrac_fa_tracker,RP
Mitch Moreland,OAK,SD,1B,,2250000.0,2250000.0,1,2021,spotrac_fa_tracker,1B/DH
Matt Andriese,BOS,LAA,RP,,2100000.0,2100000.0,1,2021,spotrac_fa_tracker,RP
Mike Foltynewicz,TEX,ATL,SP,,2000000.0,2000000.0,1,2021,spotrac_fa_tracker,SP/SP3
Hansel Robles,MIN,LAA,RP,,2000000.0,2000000.0,1,2021,spotrac_fa_tracker,RP
Wilson Ramos,DET,NYM,C,,2000000.0,2000000.0,1,2021,spotrac_fa_tracker,C
Matt Shoemaker,MIN,TOR,SP,,2000000.0,2000000.0,1,2021,spotrac_fa_tracker,SP/SP5
Sergio Romo,OAK,MIN,RP,,2000000.0,2000000.0,1,2021,spotrac_fa_tracker,RP
Collin McHugh,TB,BOS,RP,,1800000.0,1800000.0,1,2021,spotrac_fa_tracker,RP
Danny Santana,BOS,TEX,LF,,1750000.0,1750000.0,1,2021,spotrac_fa_tracker,OF/2B
Michael A. Taylor,KC,WSH,CF,,1750000.0,1750000.0,1,2021,spotrac_fa_tracker,CF
Nomar Mazara,DET,CWS,RF,,1750000.0,1750000.0,1,2021,spotrac_fa_tracker,RF
Asdrubal Cabrera,ARI,WSH,2B,,1750000.0,1750000.0,1,2021,spotrac_fa_tracker,2B
David Phelps,TOR,PHI,RP,,1750000.0,1750000.0,1,2021,spotrac_fa_tracker,RP
Sean Doolittle,CIN,WSH,RP,,1500000.0,1500000.0,1,2021,spotrac_fa_tracker,RP
Jake Marisnick,CHC,NYM,CF,,1500000.0,1500000.0,1,2021,spotrac_fa_tracker,CF
Curt Casali,SF,CIN,C,,1500000.0,1500000.0,1,2021,spotrac_fa_tracker,C
Kurt Suzuki,LAA,WSH,C,,1500000.0,1500000.0,1,2021,spotrac_fa_tracker,C
Freddy Galvis,BAL,CIN,SS,,1500000.0,1500000.0,1,2021,spotrac_fa_tracker,SS
Alex Avila,WSH,MIN,C,,1500000.0,1500000.0,1,2021,spotrac_fa_tracker,C
Austin Romine,CHC,DET,C,,1500000.0,1500000.0,1,2021,spotrac_fa_tracker,C
Trevor Cahill,PIT,SF,SP,,1500000.0,1500000.0,1,2021,spotrac_fa_tracker,SP
Jarrod Dyson,KC,CWS,CF,,1500000.0,1500000.0,1,2021,spotrac_fa_tracker,CF
Albert Almora,NYM,CHC,CF,,1250000.0,1250000.0,1,2021,spotrac_fa_tracker,CF
Josh Tomlin,ATL,ATL,RP,,1250000.0,1250000.0,1,2021,spotrac_fa_tracker,RP
Keone Kela,SD,PIT,RP,,1200000.0,1200000.0,1,2021,spotrac_fa_tracker,RP
Jose Alvarez,SF,PHI,RP,,1150000.0,1150000.0,1,2021,spotrac_fa_tracker,RP
Chaz Roe,TB,TB,RP,,1150000.0,1150000.0,1,2021,spotrac_fa_tracker,RP
Matt Wisler,SF,MIN,RP,,1150000.0,1150000.0,1,2021,spotrac_fa_tracker,RP
Álex Claudio,LAA,MIL,RP,,1125000.0,1125000.0,1,2021,spotrac_fa_tracker,RP
Ryne Stanek,HOU,MIA,RP,,1100000.0,1100000.0,1,2021,spotrac_fa_tracker,RP
Brandon Workman,CHC,PHI,RP,,1000000.0,1000000.0,1,2021,spotrac_fa_tracker,RP
Chris Devenski,ARI,HOU,RP,,1000000.0,1000000.0,1,2021,spotrac_fa_tracker,RP
Cole Hamels,LAD,ATL,SP,,1000000.0,1000000.0,1,2021,spotrac_fa_tracker,SP/SP2
Felix Hernandez,BAL,ATL,SP,,1000000.0,1000000.0,1,2021,spotrac_fa_tracker,SP
Ryan Zimmerman,WSH,WSH,1B,,1000000.0,1000000.0,1,2021,spotrac_fa_tracker,1B
Matt Duffy,CHC,NYY,3B,,1000000.0,1000000.0,1,2021,spotrac_fa_tracker,3B
Steve Cishek,LAA,HOU,RP,,1000000.0,1000000.0,1,2021,spotrac_fa_tracker,RP
Tony Watson,LAA,PHI,RP,,1000000.0,1000000.0,1,2021,spotrac_fa_tracker,RP
Abraham Almonte,ATL,SD,CF,,990000.0,990000.0,1,2021,spotrac_fa_tracker,CF
Daniel Robertson,MIL,SF,SS,,900000.0,900000.0,1,2021,spotrac_fa_tracker,SS
Ross Detwiler,MIA,CWS,RP,,850000.0,850000.0,1,2021,spotrac_fa_tracker,RP
Luke Maile,MIL,PIT,C,,825000.0,825000.0,1,2021,spotrac_fa_tracker,C
John Brebbia,SF,STL,RP,,800000.0,800000.0,1,2021,spotrac_fa_tracker,RP/SU8
Keynan Middleton,SEA,LAA,RP,,800000.0,800000.0,1,2021,spotrac_fa_tracker,RP
Maikel Franco,BAL,KC,3B,,800000.0,800000.0,1,2021,spotrac_fa_tracker,3B
Ryan Tepera,CHC,CHC,RP,,800000.0,800000.0,1,2021,spotrac_fa_tracker,RP
Jhoulys Chacin,COL,NYY,SP,,800000.0,800000.0,1,2021,spotrac_fa_tracker,SP
Oliver Drake,TB,TB,RP,,775000.0,775000.0,1,2021,spotrac_fa_tracker,RP
Jonathan Holder,CHC,NYY,RP,,750000.0,750000.0,1,2021,spotrac_fa_tracker,RP
Sam McWilliams,NYM,TB,RP,,750000.0,750000.0,1,2021,spotrac_fa_tracker,RP
Kohl Stewart,CHC,BAL,SP,,700000.0,700000.0,1,2021,spotrac_fa_tracker,SP/SP4
Jimmy Herget,TEX,TEX,RP,,700000.0,700000.0,1,2021,spotrac_fa_tracker,RP
Brian O'Grady,SD,TB,LF,,650000.0,650000.0,1,2021,spotrac_fa_tracker,LF
Scott Heineman,TEX,TEX,LF,,595000.0,595000.0,1,2021,spotrac_fa_tracker,OF
Chadwick Tromp,SF,SF,C,,583000.0,583000.0,1,2021,spotrac_fa_tracker,C
Sam Clay,WSH,MIN,RP,,575000.0,575000.0,1,2021,spotrac_fa_tracker,RP
Albert Pujols,LAD,LAA,DH,,570500.0,570500.0,1,2021,spotrac_fa_tracker,DH/1B
Shane Greene,LAD,ATL,RP,,570500.0,570500.0,1,2021,spotrac_fa_tracker,RP
Jose Iglesias,BOS,LAA,SS,,570500.0,570500.0,1,2021,spotrac_fa_tracker,SS
Yoshitomo Tsutsugo,PIT,LAD,1B,,570500.0,570500.0,1,2021,spotrac_fa_tracker,1B
Joe Gatto,TEX,LAA,RP,,570500.0,570500.0,1,2021,spotrac_fa_tracker,RP
Jason Vosler,SF,SD,3B,,570500.0,570500.0,1,2021,spotrac_fa_tracker,3B
Adam Eaton,LAA,CWS,RF,,570500.0,570500.0,1,2021,spotrac_fa_tracker,RF
Matt Andriese,SEA,BOS,RP,,570500.0,570500.0,1,2021,spotrac_fa_tracker,RP
Ross Detwiler,SD,MIA,RP,,570500.0,570500.0,1,2021,spotrac_fa_tracker,RP
René Rivera,WSH,CLE,C,,570500.0,570500.0,1,2021,spotrac_fa_tracker,C
Wade LeBlanc,STL,TEX,SP,,570500.0,570500.0,1,2021,spotrac_fa_tracker,SP
Max Scherzer,NYM,LAD,SP,,130000000.0,43333333.0,3,2022,spotrac_fa_tracker,SP/SP2
Carlos Correa,MIN,HOU,SS,,105300000.0,35100000.0,3,2022,spotrac_fa_tracker,SS/SS
Nick Castellanos,PHI,CIN,DH,,100000000.0,20000000.0,5,2022,spotrac_fa_tracker,DH/RF
Kyle Schwarber,PHI,BOS,LF,,79000000.0,19750000.0,4,2022,spotrac_fa_tracker,LF/OF
Starling Marte,NYM,OAK,RF,,78000000.0,19500000.0,4,2022,spotrac_fa_tracker,RF
Eduardo Rodriguez,DET,BOS,SP,,77000000.0,15400000.0,5,2022,spotrac_fa_tracker,SP/SP1
Marcus Stroman,CHC,NYM,SP,,71000000.0,23666667.0,3,2022,spotrac_fa_tracker,SP/SP1
Chris Taylor,LAD,LAD,3B,,60000000.0,15000000.0,4,2022,spotrac_fa_tracker,3B/SS/OF
Raisel Iglesias,LAA,LAA,RP,,58000000.0,14500000.0,4,2022,spotrac_fa_tracker,RP/CL
Jon Gray,TEX,COL,SP,,56000000.0,14000000.0,4,2022,spotrac_fa_tracker,SP/SP1
Avisaíl García,MIA,MIL,RF,,53000000.0,13250000.0,4,2022,spotrac_fa_tracker,RF
Justin Verlander,HOU,HOU,SP,,50000000.0,25000000.0,2,2022,spotrac_fa_tracker,SP/SP1
Steven Matz,STL,TOR,SP,,44000000.0,11000000.0,4,2022,spotrac_fa_tracker,SP
Carlos Rodon,SF,CWS,SP,,44000000.0,22000000.0,2,2022,spotrac_fa_tracker,SP
Jorge Soler,MIA,ATL,DH,,36000000.0,12000000.0,3,2022,spotrac_fa_tracker,DH/OF
Yusei Kikuchi,TOR,SEA,SP,,36000000.0,12000000.0,3,2022,spotrac_fa_tracker,SP
Anthony DeSclafani,SF,SF,SP,,36000000.0,12000000.0,3,2022,spotrac_fa_tracker,SP
Anthony Rizzo,NYY,NYY,1B,,32000000.0,16000000.0,2,2022,spotrac_fa_tracker,1B
Mark Canha,NYM,OAK,LF,,26500000.0,13250000.0,2,2022,spotrac_fa_tracker,LF/1B
Nick Martinez,SD,OS,RP,,25500000.0,6375000.0,4,2022,spotrac_fa_tracker,RP/RP
Alex Wood,SF,SF,SP,,25000000.0,12500000.0,2,2022,spotrac_fa_tracker,SP/SP3
Kendall Graveman,CWS,HOU,RP,,24000000.0,8000000.0,3,2022,spotrac_fa_tracker,RP/CL
Noah Syndergaard,LAA,NYM,SP,,21000000.0,21000000.0,1,2022,spotrac_fa_tracker,SP/SP2
Eduardo Escobar,NYM,MIL,3B,,20000000.0,10000000.0,2,2022,spotrac_fa_tracker,3B
Alex Cobb,SF,LAA,SP,,20000000.0,10000000.0,2,2022,spotrac_fa_tracker,SP/SP4
Brandon Belt,SF,SF,1B,,18400000.0,18400000.0,1,2022,spotrac_fa_tracker,1B
Eddie Rosario,ATL,ATL,LF,,18000000.0,9000000.0,2,2022,spotrac_fa_tracker,LF
Clayton Kershaw,LAD,LAD,SP,,17000000.0,17000000.0,1,2022,spotrac_fa_tracker,SP/SP1
Hector Neris,HOU,PHI,RP,,17000000.0,8500000.0,2,2022,spotrac_fa_tracker,RP/SU8
Joe Kelly,CWS,LAD,RP,,17000000.0,8500000.0,2,2022,spotrac_fa_tracker,RP
Aaron Loup,LAA,NYM,RP,,17000000.0,8500000.0,2,2022,spotrac_fa_tracker,RP
Leury García,CWS,CWS,2B,,16500000.0,5500000.0,3,2022,spotrac_fa_tracker,2B
Kenley Jansen,ATL,LAD,RP,,16000000.0,16000000.0,1,2022,spotrac_fa_tracker,RP/CL
Nelson Cruz,WSH,TB,DH,,15000000.0,15000000.0,1,2022,spotrac_fa_tracker,DH
Mark Melancon,ARI,SD,RP,,14000000.0,7000000.0,2,2022,spotrac_fa_tracker,RP
Ryan Tepera,LAA,CWS,RP,,14000000.0,7000000.0,2,2022,spotrac_fa_tracker,RP
Zack Greinke,KC,HOU,SP,,13000000.0,13000000.0,1,2022,spotrac_fa_tracker,SP/SP2
Andrew Chafin,DET,OAK,RP,,13000000.0,6500000.0,2,2022,spotrac_fa_tracker,RP/CL
Yimi Garcia,TOR,HOU,RP,,11000000.0,5500000.0,2,2022,spotrac_fa_tracker,RP/SU7
Corey Knebel,PHI,LAD,RP,,10000000.0,10000000.0,1,2022,spotrac_fa_tracker,RP
Collin McHugh,ATL,TB,RP,,10000000.0,5000000.0,2,2022,spotrac_fa_tracker,RP
James Paxton,BOS,SEA,SP,,10000000.0,10000000.0,1,2022,spotrac_fa_tracker,SP/SP2
Brad Miller,TEX,PHI,LF,,10000000.0,5000000.0,2,2022,spotrac_fa_tracker,LF/2B
Brooks Raley,TB,HOU,RP,,10000000.0,5000000.0,2,2022,spotrac_fa_tracker,RP/SU7
Andrew Heaney,LAD,NYY,SP,,8500000.0,8500000.0,1,2022,spotrac_fa_tracker,SP/SP4
Andrew McCutchen,MIL,PHI,RF,,8500000.0,8500000.0,1,2022,spotrac_fa_tracker,RF/RF
Kirby Yates,ATL,TOR,RP,,8250000.0,4125000.0,2,2022,spotrac_fa_tracker,RP
Manuel Pina,ATL,MIL,C,,8000000.0,4000000.0,2,2022,spotrac_fa_tracker,C
Jake Diekman,BOS,OAK,RP,,8000000.0,4000000.0,2,2022,spotrac_fa_tracker,RP
Corey Kluber,TB,NYY,SP,,8000000.0,8000000.0,1,2022,spotrac_fa_tracker,SP/SP3
Tyler Anderson,LAD,SEA,SP,,8000000.0,8000000.0,1,2022,spotrac_fa_tracker,SP
Tommy Pham,CIN,SD,LF,,7500000.0,7500000.0,1,2022,spotrac_fa_tracker,LF
Jordan Lyles,BAL,TEX,SP,,7000000.0,7000000.0,1,2022,spotrac_fa_tracker,SP
Daniel Hudson,LAD,SD,RP,,7000000.0,7000000.0,1,2022,spotrac_fa_tracker,RP/CL
Michael Wacha,BOS,TB,SP,,7000000.0,7000000.0,1,2022,spotrac_fa_tracker,SP/SP5
Luis Garcia,SD,STL,RP,,7000000.0,3500000.0,2,2022,spotrac_fa_tracker,RP/SU8
Michael Lorenzen,LAA,CIN,SP,,6750000.0,6750000.0,1,2022,spotrac_fa_tracker,SP/SP4
Jeurys Familia,PHI,NYM,RP,,6000000.0,6000000.0,1,2022,spotrac_fa_tracker,RP/CL
Brad Hand,PHI,NYM,RP,,6000000.0,6000000.0,1,2022,spotrac_fa_tracker,RP
Joc Pederson,SF,ATL,LF,,6000000.0,6000000.0,1,2022,spotrac_fa_tracker,LF/DH
Jonathan Villar,CHC,NYM,SS,,6000000.0,6000000.0,1,2022,spotrac_fa_tracker,SS/3B
Michael Pineda,DET,MIN,SP,,5500000.0,5500000.0,1,2022,spotrac_fa_tracker,SP
Josh Harrison,CWS,OAK,2B,,5500000.0,5500000.0,1,2022,spotrac_fa_tracker,2B/SS
Garrett Richards,TEX,BOS,SP,,5500000.0,5500000.0,1,2022,spotrac_fa_tracker,SP
Drew VerHagen,STL,OS,RP,,5500000.0,2750000.0,2,2022,spotrac_fa_tracker,RP
Drew Smyly,CHC,ATL,SP,,5250000.0,5250000.0,1,2022,spotrac_fa_tracker,SP
Matthew Boyd,SF,DET,SP,,5200000.0,5200000.0,1,2022,spotrac_fa_tracker,SP/SP1
Kole Calhoun,TEX,ARI,RF,,5200000.0,5200000.0,1,2022,spotrac_fa_tracker,RF/LF
Roberto Pérez,PIT,CLE,C,,5000000.0,5000000.0,1,2022,spotrac_fa_tracker,C
Mychal Givens,CHC,CIN,RP,,5000000.0,5000000.0,1,2022,spotrac_fa_tracker,RP
Dylan Bundy,MIN,LAA,SP,,5000000.0,5000000.0,1,2022,spotrac_fa_tracker,SP/SP3
Corey Dickerson,STL,TOR,LF,,5000000.0,5000000.0,1,2022,spotrac_fa_tracker,LF
Rich Hill,BOS,NYM,SP,,5000000.0,5000000.0,1,2022,spotrac_fa_tracker,SP
Jose Iglesias,COL,BOS,SS,,5000000.0,5000000.0,1,2022,spotrac_fa_tracker,SS
Ian Kennedy,ARI,PHI,RP,,4750000.0,4750000.0,1,2022,spotrac_fa_tracker,RP
Zach Davies,ARI,CHC,SP,,4500000.0,4500000.0,1,2022,spotrac_fa_tracker,SP
Donovan Solano,CIN,SF,2B,,4500000.0,4500000.0,1,2022,spotrac_fa_tracker,2B/SS
Trevor Rosenthal,SF,OAK,RP,,4500000.0,4500000.0,1,2022,spotrac_fa_tracker,RP
Alex Colomé,COL,MIN,RP,,4100000.0,4100000.0,1,2022,spotrac_fa_tracker,RP
Adam Ottavino,NYM,BOS,RP,,4000000.0,4000000.0,1,2022,spotrac_fa_tracker,RP/SU8
Martín Pérez,TEX,BOS,SP,,4000000.0,4000000.0,1,2022,spotrac_fa_tracker,SP/SP5
César Hernández,WSH,CWS,2B,,4000000.0,4000000.0,1,2022,spotrac_fa_tracker,2B
Andrelton Simmons,CHC,MIN,SS,,4000000.0,4000000.0,1,2022,spotrac_fa_tracker,SS
Yoshitomo Tsutsugo,PIT,PIT,1B,,4000000.0,4000000.0,1,2022,spotrac_fa_tracker,1B
Archie Bradley,LAA,PHI,RP,,3750000.0,3750000.0,1,2022,spotrac_fa_tracker,RP
Chris Archer,MIN,TB,SP,,3750000.0,3750000.0,1,2022,spotrac_fa_tracker,SP
David Robertson,CHC,TB,RP,,3500000.0,3500000.0,1,2022,spotrac_fa_tracker,RP/CL
Danny Duffy,LAD,LAD,SP,,3000000.0,3000000.0,1,2022,spotrac_fa_tracker,SP/SP1
Vince Velasquez,CWS,SD,SP,,3000000.0,3000000.0,1,2022,spotrac_fa_tracker,SP
Matt Strahm,BOS,SD,RP,,3000000.0,3000000.0,1,2022,spotrac_fa_tracker,RP
Chad Kuhl,COL,PIT,RP,,3000000.0,3000000.0,1,2022,spotrac_fa_tracker,RP
Bryan Shaw,CLE,CLE,RP,,3000000.0,3000000.0,1,2022,spotrac_fa_tracker,RP
Chris Martin,CHC,ATL,RP,,2750000.0,2750000.0,1,2022,spotrac_fa_tracker,RP/SU8
Joely Rodriguez,NYY,NYY,RP,,2500000.0,2500000.0,1,2022,spotrac_fa_tracker,RP
Joe Smith,MIN,SEA,RP,,2500000.0,2500000.0,1,2022,spotrac_fa_tracker,RP
Brad Boxberger,MIL,MIL,RP,,2500000.0,2500000.0,1,2022,spotrac_fa_tracker,RP/SU8
Albert Pujols,STL,LAD,DH,,2500000.0,2500000.0,1,2022,spotrac_fa_tracker,DH/1B
Heath Hembree,PIT,NYM,RP,,2125000.0,2125000.0,1,2022,spotrac_fa_tracker,RP
Niko Goodrum,HOU,DET,2B,,2100000.0,2100000.0,1,2022,spotrac_fa_tracker,2B
Jose Quintana,PIT,SF,SP,,2000000.0,2000000.0,1,2022,spotrac_fa_tracker,SP/SP1
Sergio Romo,SEA,OAK,RP,,2000000.0,2000000.0,1,2022,spotrac_fa_tracker,RP
Matt Carpenter,NYY,TEX,3B,,2000000.0,2000000.0,1,2022,spotrac_fa_tracker,3B/1B
Pedro Severino,MIL,BAL,C,,1900000.0,1900000.0,1,2022,spotrac_fa_tracker,C
Hunter Strickland,CIN,MIL,RP,,1825000.0,1825000.0,1,2022,spotrac_fa_tracker,RP
Odubel Herrera,PHI,PHI,CF,,1750000.0,1750000.0,1,2022,spotrac_fa_tracker,CF
Daniel Norris,CHC,MIL,RP,,1750000.0,1750000.0,1,2022,spotrac_fa_tracker,RP
Jake Junis,SF,KC,RP,,1750000.0,1750000.0,1,2022,spotrac_fa_tracker,RP
Kurt Suzuki,LAA,LAA,C,,1750000.0,1750000.0,1,2022,spotrac_fa_tracker,C
Steve Cishek,WSH,LAA,RP,,1750000.0,1750000.0,1,2022,spotrac_fa_tracker,RP
Odubel Herrera,PHI,PHI,CF,,1750000.0,1750000.0,1,2022,spotrac_fa_tracker,CF
Hanser Alberto,LAD,KC,2B,,1600000.0,1600000.0,1,2022,spotrac_fa_tracker,2B
Clint Frazier,CHC,NYY,LF,,1500000.0,1500000.0,1,2022,spotrac_fa_tracker,OF
Matt Duffy,LAA,CHC,3B,,1500000.0,1500000.0,1,2022,spotrac_fa_tracker,3B
Sean Doolittle,WSH,SEA,RP,,1500000.0,1500000.0,1,2022,spotrac_fa_tracker,RP
Ehire Adrianza,WSH,ATL,SS,,1500000.0,1500000.0,1,2022,spotrac_fa_tracker,SS
Johan Camargo,PHI,ATL,3B,,1400000.0,1400000.0,1,2022,spotrac_fa_tracker,3B
Jake Marisnick,PIT,TEX,CF,,1300000.0,1300000.0,1,2022,spotrac_fa_tracker,CF
Kyle Crick,CWS,CWS,RP,,1250000.0,1250000.0,1,2022,spotrac_fa_tracker,RP
Jhoulys Chacin,COL,COL,SP,,1250000.0,1250000.0,1,2022,spotrac_fa_tracker,SP
Nick Wittgren,STL,CLE,RP,,1200000.0,1200000.0,1,2022,spotrac_fa_tracker,RP
Alex Dickerson,ATL,SF,LF,,1000000.0,1000000.0,1,2022,spotrac_fa_tracker,LF
Colin Moran,CIN,PIT,1B,,1000000.0,1000000.0,1,2022,spotrac_fa_tracker,1B
Dan Vogelbach,PIT,MIL,DH,,1000000.0,1000000.0,1,2022,spotrac_fa_tracker,DH/1B
Taylor Clarke,KC,ARI,RP,,975000.0,975000.0,1,2022,spotrac_fa_tracker,RP/SU7
Tim Locastro,NYY,BOS,LF,,900000.0,900000.0,1,2022,spotrac_fa_tracker,OF
Luke Maile,CLE,MIL,C,,900000.0,900000.0,1,2022,spotrac_fa_tracker,C
Robinson Chirinos,BAL,CHC,C,,900000.0,900000.0,1,2022,spotrac_fa_tracker,C/1B
Jason Adam,TB,CHC,RP,,900000.0,900000.0,1,2022,spotrac_fa_tracker,RP/SU8
Tyler Thornburg,ATL,CIN,RP,,900000.0,900000.0,1,2022,spotrac_fa_tracker,RP
Stephen Vogt,OAK,ATL,C,,850000.0,850000.0,1,2022,spotrac_fa_tracker,C
Jed Lowrie,OAK,OAK,2B,,850000.0,850000.0,1,2022,spotrac_fa_tracker,2B
Andrew Vasquez,TOR,LAD,RP,,800000.0,800000.0,1,2022,spotrac_fa_tracker,RP
John Curtiss,NYM,MIL,RP,,770000.0,770000.0,1,2022,spotrac_fa_tracker,RP
Trevor Gott,MIL,SF,RP,,725000.0,725000.0,1,2022,spotrac_fa_tracker,RP/SU7
Michael Hermosillo,CHC,CHC,CF,,707000.0,707000.0,1,2022,spotrac_fa_tracker,CF
Elvis Andrus,CWS,OAK,SS,,700000.0,700000.0,1,2022,spotrac_fa_tracker,SS
Robinson Canó,SD,NYM,DH,,700000.0,700000.0,1,2022,spotrac_fa_tracker,DH/2B
Justin Upton,SEA,LAA,LF,,700000.0,700000.0,1,2022,spotrac_fa_tracker,LF
Kevin Plawecki,TEX,BOS,C,,700000.0,700000.0,1,2022,spotrac_fa_tracker,C
Jimmy Nelson,LAD,LAD,RP,,700000.0,700000.0,1,2022,spotrac_fa_tracker,RP
Jake McGee,MIL,SF,RP,,700000.0,700000.0,1,2022,spotrac_fa_tracker,RP/SU8
Jackie Bradley Jr.,TOR,BOS,CF,,700000.0,700000.0,1,2022,spotrac_fa_tracker,CF
Jonathan Villar,LAA,CHC,SS,,700000.0,700000.0,1,2022,spotrac_fa_tracker,SS/3B
Sergio Romo,TOR,SEA,RP,,700000.0,700000.0,1,2022,spotrac_fa_tracker,RP
Anthony Banda,NYY,SEA,RP,,700000.0,700000.0,1,2022,spotrac_fa_tracker,RP
Edwin Diaz,NYM,NYM,RP,,102000000.0,20400000.0,5,2023,spotrac_fa_tracker,RP/CL
Justin Verlander,NYM,HOU,SP,,86666666.0,43333333.0,2,2023,spotrac_fa_tracker,SP/SP1
Taijuan Walker,PHI,NYM,SP,,72000000.0,18000000.0,4,2023,spotrac_fa_tracker,SP/SP3
Jameson Taillon,CHC,NYY,SP,,68000000.0,17000000.0,4,2023,spotrac_fa_tracker,SP
Chris Bassitt,TOR,NYM,SP,,63000000.0,21000000.0,3,2023,spotrac_fa_tracker,SP/SP1
Jose Abreu,HOU,CWS,1B,,58500000.0,19500000.0,3,2023,spotrac_fa_tracker,1B/DH
Robert Suarez,SD,SD,RP,,46000000.0,9200000.0,5,2023,spotrac_fa_tracker,RP/RP
Mitch Haniger,SF,SEA,LF,,43500000.0,14500000.0,3,2023,spotrac_fa_tracker,LF
Zach Eflin,TB,PHI,SP,,40000000.0,13333333.0,3,2023,spotrac_fa_tracker,SP
Anthony Rizzo,NYY,NYY,1B,,40000000.0,20000000.0,2,2023,spotrac_fa_tracker,1B
Tyler Anderson,LAA,LAD,SP,,39000000.0,13000000.0,3,2023,spotrac_fa_tracker,SP
Michael Conforto,SF,NYM,RF,,36000000.0,18000000.0,2,2023,spotrac_fa_tracker,RF
Rafael Montero,HOU,HOU,RP,,34500000.0,11500000.0,3,2023,spotrac_fa_tracker,RP/SU8
Nathan Eovaldi,TEX,BOS,SP,,34000000.0,17000000.0,2,2023,spotrac_fa_tracker,SP/SP1
Taylor Rogers,SF,MIL,RP,,33000000.0,11000000.0,3,2023,spotrac_fa_tracker,RP
Josh Bell,CLE,SD,1B,,33000000.0,16500000.0,2,2023,spotrac_fa_tracker,1B/1B
Christian Vazquez,MIN,HOU,C,,30000000.0,10000000.0,3,2023,spotrac_fa_tracker,C
Jose Quintana,NYM,STL,SP,,26000000.0,13000000.0,2,2023,spotrac_fa_tracker,SP/SP1
Michael Wacha,SD,BOS,SP,,26000000.0,6500000.0,4,2023,spotrac_fa_tracker,SP/SP5
Ross Stripling,SF,TOR,SP,,25000000.0,12500000.0,2,2023,spotrac_fa_tracker,SP/SP5
Sean Manaea,SF,SD,SP,,25000000.0,12500000.0,2,2023,spotrac_fa_tracker,SP
Andrew Heaney,TEX,LAD,SP,,25000000.0,12500000.0,2,2023,spotrac_fa_tracker,SP/SP4
Justin Turner,BOS,LAD,3B,,21700000.0,10850000.0,2,2023,spotrac_fa_tracker,3B/1B
Clayton Kershaw,LAD,LAD,SP,,20000000.0,20000000.0,1,2023,spotrac_fa_tracker,SP/SP1
Joc Pederson,SF,SF,LF,,19650000.0,19650000.0,1,2023,spotrac_fa_tracker,LF/DH
Martín Pérez,TEX,TEX,SP,,19650000.0,19650000.0,1,2023,spotrac_fa_tracker,SP/SP5
Drew Smyly,CHC,CHC,SP,,19000000.0,9500000.0,2,2023,spotrac_fa_tracker,SP
Cody Bellinger,CHC,LAD,CF,,17500000.0,17500000.0,1,2023,spotrac_fa_tracker,CF/1B
Jean Segura,MIA,PHI,3B,,17000000.0,8500000.0,2,2023,spotrac_fa_tracker,3B/2B
Jordan Lyles,KC,BAL,SP,,17000000.0,8500000.0,2,2023,spotrac_fa_tracker,SP
Brandon Drury,LAA,SD,2B,,17000000.0,8500000.0,2,2023,spotrac_fa_tracker,2B/3B
Omar Narváez,NYM,MIL,C,,15000000.0,7500000.0,2,2023,spotrac_fa_tracker,C
Seth Lugo,SD,NYM,SP,,15000000.0,7500000.0,2,2023,spotrac_fa_tracker,SP
Matt Strahm,PHI,BOS,RP,,15000000.0,7500000.0,2,2023,spotrac_fa_tracker,RP
Aledmys Diaz,OAK,HOU,SS,,14500000.0,7250000.0,2,2023,spotrac_fa_tracker,SS
Adam Ottavino,NYM,NYM,RP,,14500000.0,7250000.0,2,2023,spotrac_fa_tracker,RP/SU8
Trey Mancini,CHC,HOU,LF,,14000000.0,7000000.0,2,2023,spotrac_fa_tracker,OF/1B
Carlos Estevez,LAA,COL,RP,,13500000.0,6750000.0,2,2023,spotrac_fa_tracker,RP/CL
Chris Martin,BOS,LAD,RP,,13500000.0,6750000.0,2,2023,spotrac_fa_tracker,RP/SU8
Trevor Williams,WSH,NYM,RP,,13000000.0,6500000.0,2,2023,spotrac_fa_tracker,RP
Noah Syndergaard,LAD,PHI,SP,,13000000.0,13000000.0,1,2023,spotrac_fa_tracker,SP/SP2
Mike Clevinger,CWS,SD,SP,,12000000.0,12000000.0,1,2023,spotrac_fa_tracker,SP/SP4
Michael Brantley,HOU,HOU,LF,,12000000.0,12000000.0,1,2023,spotrac_fa_tracker,LF
Matt Carpenter,SD,NYY,3B,,12000000.0,6000000.0,2,2023,spotrac_fa_tracker,3B/1B
Luke Jackson,SF,ATL,RP,,11500000.0,5750000.0,2,2023,spotrac_fa_tracker,RP/RF
Tommy Kahnle,NYY,LAD,RP,,11500000.0,5750000.0,2,2023,spotrac_fa_tracker,RP
Joey Gallo,MIN,LAD,1B,,11000000.0,11000000.0,1,2023,spotrac_fa_tracker,1B/OF
J.D. Martinez,LAD,BOS,DH,,10000000.0,10000000.0,1,2023,spotrac_fa_tracker,DH/RF
Craig Kimbrel,PHI,LAD,RP,,10000000.0,10000000.0,1,2023,spotrac_fa_tracker,RP/CL
Kyle Gibson,BAL,PHI,SP,,10000000.0,10000000.0,1,2023,spotrac_fa_tracker,SP/SP4
Corey Kluber,BOS,TB,SP,,10000000.0,10000000.0,1,2023,spotrac_fa_tracker,SP/SP3
David Robertson,NYM,PHI,RP,,10000000.0,10000000.0,1,2023,spotrac_fa_tracker,RP/CL
Matthew Boyd,DET,SEA,SP,,10000000.0,10000000.0,1,2023,spotrac_fa_tracker,SP/SP1
Jace Peterson,OAK,MIL,3B,,9500000.0,4750000.0,2,2023,spotrac_fa_tracker,3B
Brandon Belt,TOR,SF,1B,,9300000.0,9300000.0,1,2023,spotrac_fa_tracker,1B
Kevin Kiermaier,TOR,TB,CF,,9000000.0,9000000.0,1,2023,spotrac_fa_tracker,CF
Chad Green,TOR,NYY,RP,,8500000.0,4250000.0,2,2023,spotrac_fa_tracker,RP
Michael Lorenzen,DET,LAA,SP,,8500000.0,8500000.0,1,2023,spotrac_fa_tracker,SP/SP4
Zack Greinke,KC,KC,SP,,8500000.0,8500000.0,1,2023,spotrac_fa_tracker,SP/SP2
Johnny Cueto,MIA,CWS,SP,,8500000.0,8500000.0,1,2023,spotrac_fa_tracker,SP
Adam Frazier,BAL,SEA,2B,,8000000.0,8000000.0,1,2023,spotrac_fa_tracker,2B/RF/DH
Rich Hill,PIT,BOS,SP,,8000000.0,8000000.0,1,2023,spotrac_fa_tracker,SP
Jurickson Profar,COL,SD,LF,,7750000.0,7750000.0,1,2023,spotrac_fa_tracker,LF
Matt Moore,LAA,TEX,RP,,7550000.0,7550000.0,1,2023,spotrac_fa_tracker,RP/SU7
Wil Myers,CIN,SD,1B,,7500000.0,7500000.0,1,2023,spotrac_fa_tracker,1B/RF
A.J. Pollock,SEA,CWS,LF,,7000000.0,7000000.0,1,2023,spotrac_fa_tracker,LF
Trevor May,OAK,NYM,RP,,7000000.0,7000000.0,1,2023,spotrac_fa_tracker,RP/CL
Adam Duvall,BOS,ATL,RF,,7000000.0,7000000.0,1,2023,spotrac_fa_tracker,RF
Carlos Santana,PIT,SEA,1B,,6725000.0,6725000.0,1,2023,spotrac_fa_tracker,1B/DH
David Peralta,LAD,TB,LF,,6500000.0,6500000.0,1,2023,spotrac_fa_tracker,LF
Andrew Chafin,ARI,DET,RP,,6250000.0,6250000.0,1,2023,spotrac_fa_tracker,RP/CL
Scott McGough,ARI,OS,RP,,6250000.0,3125000.0,2,2023,spotrac_fa_tracker,RP/SU8
Mike Zunino,CLE,TB,C,,6000000.0,6000000.0,1,2023,spotrac_fa_tracker,C
Tommy Pham,NYM,BOS,LF,,6000000.0,6000000.0,1,2023,spotrac_fa_tracker,LF
Austin Hedges,PIT,CLE,C,,5000000.0,5000000.0,1,2023,spotrac_fa_tracker,C
Jeimer Candelario,WSH,DET,3B,,5000000.0,5000000.0,1,2023,spotrac_fa_tracker,3B
Pierce Johnson,COL,SD,RP,,5000000.0,5000000.0,1,2023,spotrac_fa_tracker,RP/SU8
Andrew McCutchen,PIT,MIL,RF,,5000000.0,5000000.0,1,2023,spotrac_fa_tracker,RF/RF
Mychal Givens,BAL,NYM,RP,,5000000.0,5000000.0,1,2023,spotrac_fa_tracker,RP
Zach Davies,ARI,ARI,SP,,5000000.0,5000000.0,1,2023,spotrac_fa_tracker,SP
Wade Miley,MIL,CHC,SP,,4500000.0,4500000.0,1,2023,spotrac_fa_tracker,SP/SP2
Evan Longoria,ARI,SF,3B,,4000000.0,4000000.0,1,2023,spotrac_fa_tracker,3B
Michael Fulmer,CHC,MIN,RP,,4000000.0,4000000.0,1,2023,spotrac_fa_tracker,RP
Aroldis Chapman,KC,NYY,RP,,3750000.0,3750000.0,1,2023,spotrac_fa_tracker,RP/SU8
Miguel Castro,ARI,NYY,RP,,3500000.0,3500000.0,1,2023,spotrac_fa_tracker,RP/SU7
Brian Anderson,MIL,MIA,3B,,3500000.0,3500000.0,1,2023,spotrac_fa_tracker,3B/RF
Curt Casali,CIN,SEA,C,,3250000.0,3250000.0,1,2023,spotrac_fa_tracker,C
Shintaro Fujinami,OAK,,RP,,3250000.0,3250000.0,1,2023,spotrac_fa_tracker,RP
Vince Velasquez,PIT,CWS,SP,,3150000.0,3150000.0,1,2023,spotrac_fa_tracker,SP
Ryan Yarbrough,KC,TB,SP,,3000000.0,3000000.0,1,2023,spotrac_fa_tracker,SP
Elvis Andrus,CWS,CWS,SS,,3000000.0,3000000.0,1,2023,spotrac_fa_tracker,SS
Jesús Aguilar,OAK,BAL,1B,,3000000.0,3000000.0,1,2023,spotrac_fa_tracker,1B
Drew Rucinski,OAK,OS,SP,,3000000.0,3000000.0,1,2023,spotrac_fa_tracker,SP
Brad Boxberger,CHC,MIL,RP,,2800000.0,2800000.0,1,2023,spotrac_fa_tracker,RP/SU8
Jarlin Garcia,PIT,SF,RP,,2500000.0,2500000.0,1,2023,spotrac_fa_tracker,RP
Corey Dickerson,WSH,STL,LF,,2250000.0,2250000.0,1,2023,spotrac_fa_tracker,LF
Luke Weaver,CIN,SEA,SP,,2000000.0,2000000.0,1,2023,spotrac_fa_tracker,SP
Dominic Smith,WSH,NYM,1B,,2000000.0,2000000.0,1,2023,spotrac_fa_tracker,1B/LF
Robbie Grossman,TEX,ATL,RF,,2000000.0,2000000.0,1,2023,spotrac_fa_tracker,RF
Joely Rodriguez,BOS,NYM,RP,,2000000.0,2000000.0,1,2023,spotrac_fa_tracker,RP
Josh Harrison,PHI,CWS,2B,,2000000.0,2000000.0,1,2023,spotrac_fa_tracker,2B/SS
Brad Hand,COL,PHI,RP,,2000000.0,2000000.0,1,2023,spotrac_fa_tracker,RP
Donovan Solano,MIN,CIN,2B,,2000000.0,2000000.0,1,2023,spotrac_fa_tracker,2B/SS
Luke Voit,MIL,MIL,1B,,2000000.0,2000000.0,1,2023,spotrac_fa_tracker,1B
Jake Brentz,KC,KC,RP,,1900000.0,950000.0,2,2023,spotrac_fa_tracker,RP
Will Smith,TEX,HOU,RP,,1500000.0,1500000.0,1,2023,spotrac_fa_tracker,RP/CL
Shelby Miller,LAD,SF,RP,,1500000.0,1500000.0,1,2023,spotrac_fa_tracker,RP/SU7
Jeurys Familia,OAK,ARI,RP,,1500000.0,1500000.0,1,2023,spotrac_fa_tracker,RP/CL
Jordan Luplow,ATL,ARI,RF,,1400000.0,1400000.0,1,2023,spotrac_fa_tracker,RF/LF/1B
Brett Phillips,LAA,BAL,RF,,1200000.0,1200000.0,1,2023,spotrac_fa_tracker,RF
Trevor Gott,SEA,MIL,RP,,1200000.0,1200000.0,1,2023,spotrac_fa_tracker,RP/SU7
Jimmy Nelson,LAD,LAD,RP,,1200000.0,1200000.0,1,2023,spotrac_fa_tracker,RP
Luke Maile,CIN,CLE,C,,1175000.0,1175000.0,1,2023,spotrac_fa_tracker,C
Alex Reyes,LAD,STL,RP,,1100000.0,1100000.0,1,2023,spotrac_fa_tracker,RP
Adam Engel,SD,CWS,RF,,1000000.0,1000000.0,1,2023,spotrac_fa_tracker,RF
Danny Mendick,NYM,CWS,2B,,1000000.0,1000000.0,1,2023,spotrac_fa_tracker,2B/SS
Edwin Rios,CHC,LAD,3B,,1000000.0,1000000.0,1,2023,spotrac_fa_tracker,3B
Justin Wilson,MIL,CIN,RP,,1000000.0,1000000.0,1,2023,spotrac_fa_tracker,RP
Nelson Cruz,SD,WSH,DH,,1000000.0,1000000.0,1,2023,spotrac_fa_tracker,DH
Franchy Cordero,NYY,BAL,RF,,1000000.0,1000000.0,1,2023,spotrac_fa_tracker,RF/1B
Nick Anderson,ATL,TB,RP,,875000.0,875000.0,1,2023,spotrac_fa_tracker,RP/SU8
Yu-Cheng Chang,BOS,BOS,SS,,850000.0,850000.0,1,2023,spotrac_fa_tracker,SS
Jackson Stephens,ATL,ATL,RP,,740000.0,740000.0,1,2023,spotrac_fa_tracker,RP
Aaron Hicks,BAL,NYY,CF,,720000.0,720000.0,1,2023,spotrac_fa_tracker,CF
Carson Kelly,DET,ARI,C,,720000.0,720000.0,1,2023,spotrac_fa_tracker,C
Eric Hosmer,CHC,BOS,1B,,720000.0,720000.0,1,2023,spotrac_fa_tracker,1B
Tommy La Stella,SEA,SF,2B,,720000.0,720000.0,1,2023,spotrac_fa_tracker,2B
Jake Diekman,TB,CWS,RP,,720000.0,720000.0,1,2023,spotrac_fa_tracker,RP
Luke Weaver,SEA,CIN,SP,,720000.0,720000.0,1,2023,spotrac_fa_tracker,SP
Chris Devenski,TB,LAA,RP,,720000.0,720000.0,1,2023,spotrac_fa_tracker,RP
Blake Perkins,MIL,NYY,RF,,720000.0,720000.0,1,2023,spotrac_fa_tracker,RF
Austin Wynns,LAD,SF,C,,720000.0,720000.0,1,2023,spotrac_fa_tracker,C
Darin Ruf,MIL,SF,1B,,720000.0,720000.0,1,2023,spotrac_fa_tracker,1B/OF
Stone Garrett,WSH,ARI,LF,,720000.0,720000.0,1,2023,spotrac_fa_tracker,LF/DH
Guillo Zuniga,STL,LAD,SP,,720000.0,720000.0,1,2023,spotrac_fa_tracker,P
Raimel Tapia,MIL,BOS,LF,,720000.0,720000.0,1,2023,spotrac_fa_tracker,LF
Brent Honeywell,SD,OAK,RP,,0.0,0.0,1,2023,spotrac_fa_tracker,RP
Cody Bellinger,CHC,CHC,CF,,80000000.0,26666667.0,3,2024,spotrac_fa_tracker,CF/1B
Blake Snell,SF,SD,SP,,62000000.0,31000000.0,2,2024,spotrac_fa_tracker,SP/SP3
Matt Chapman,SF,TOR,3B,,54000000.0,18000000.0,3,2024,spotrac_fa_tracker,3B
Shota Imanaga,CHC,,SP,,53000000.0,13250000.0,4,2024,spotrac_fa_tracker,SP
Jeimer Candelario,CIN,CHC,3B,,45000000.0,15000000.0,3,2024,spotrac_fa_tracker,3B
Seth Lugo,KC,SD,SP,,45000000.0,15000000.0,3,2024,spotrac_fa_tracker,SP
Jordan Hicks,SF,TOR,RP,,44000000.0,11000000.0,4,2024,spotrac_fa_tracker,RP
Lourdes Gurriel Jr.,ARI,ARI,LF,,42000000.0,14000000.0,3,2024,spotrac_fa_tracker,OF/LF/DH
Jorge Soler,SF,MIA,DH,,42000000.0,14000000.0,3,2024,spotrac_fa_tracker,DH/OF
Lucas Giolito,BOS,CLE,SP,,38500000.0,19250000.0,2,2024,spotrac_fa_tracker,SP/SP2
Marcus Stroman,NYY,CHC,SP,,37000000.0,18500000.0,2,2024,spotrac_fa_tracker,SP/SP1
Rhys Hoskins,MIL,PHI,1B,,34000000.0,17000000.0,2,2024,spotrac_fa_tracker,1B
Robert Stephenson,LAA,TB,RP,,33000000.0,11000000.0,3,2024,spotrac_fa_tracker,RP/SU7
Michael Wacha,KC,SD,SP,,32000000.0,16000000.0,2,2024,spotrac_fa_tracker,SP/SP5
Reynaldo López,ATL,CLE,RP,,30000000.0,10000000.0,3,2024,spotrac_fa_tracker,RP
Sean Manaea,NYM,SF,SP,,28000000.0,14000000.0,2,2024,spotrac_fa_tracker,SP
Yuki Matsui,SD,,RP,,28000000.0,5600000.0,5,2024,spotrac_fa_tracker,RP
Nick Martinez,CIN,SD,RP,,26000000.0,13000000.0,2,2024,spotrac_fa_tracker,RP/RP
Jordan Montgomery,ARI,TEX,SP,,25000000.0,25000000.0,1,2024,spotrac_fa_tracker,SP/SP2
Kenta Maeda,DET,MIN,SP,,24000000.0,12000000.0,2,2024,spotrac_fa_tracker,SP
Teoscar Hernandez,LAD,SEA,RF,,23500000.0,23500000.0,1,2024,spotrac_fa_tracker,RF/RF
Tyler Mahle,TEX,MIN,SP,,22000000.0,11000000.0,2,2024,spotrac_fa_tracker,SP/SP2
Brandon Woodruff,MIL,MIL,SP,,17500000.0,8750000.0,2,2024,spotrac_fa_tracker,SP/SP2
Wandy Peralta,SD,NYY,RP,,16500000.0,4125000.0,4,2024,spotrac_fa_tracker,RP/SU7
Frankie Montas,CIN,NYY,SP,,16000000.0,16000000.0,1,2024,spotrac_fa_tracker,SP/SP3
Emilio Pagan,CIN,MIN,RP,,16000000.0,8000000.0,2,2024,spotrac_fa_tracker,RP/SU8
Isiah Kiner-Falefa,TOR,NYY,SS,,15000000.0,7500000.0,2,2024,spotrac_fa_tracker,SS/3B/SS/OF
Erick Fedde,CWS,OS,SP,,15000000.0,7500000.0,2,2024,spotrac_fa_tracker,SP
Jack Flaherty,DET,BAL,SP,,14000000.0,14000000.0,1,2024,spotrac_fa_tracker,SP/SP2
Luis Severino,NYM,NYY,SP,,13000000.0,13000000.0,1,2024,spotrac_fa_tracker,SP/SP3
Hunter Renfroe,KC,CIN,RF,,13000000.0,6500000.0,2,2024,spotrac_fa_tracker,RF
Kyle Gibson,STL,BAL,SP,,13000000.0,13000000.0,1,2024,spotrac_fa_tracker,SP/SP4
Justin Turner,TOR,BOS,3B,,13000000.0,13000000.0,1,2024,spotrac_fa_tracker,3B/1B
Craig Kimbrel,BAL,PHI,RP,,13000000.0,13000000.0,1,2024,spotrac_fa_tracker,RP/CL
Joc Pederson,ARI,SF,LF,,12500000.0,12500000.0,1,2024,spotrac_fa_tracker,LF/DH
Victor Caratini,HOU,MIL,C,,12000000.0,6000000.0,2,2024,spotrac_fa_tracker,C
J.D. Martinez,NYM,LAD,DH,,12000000.0,12000000.0,1,2024,spotrac_fa_tracker,DH/RF
Lance Lynn,STL,LAD,SP,,11000000.0,11000000.0,1,2024,spotrac_fa_tracker,SP/SP1
Harrison Bader,NYM,CIN,CF,,10500000.0,10500000.0,1,2024,spotrac_fa_tracker,CF
Kevin Kiermaier,TOR,TOR,CF,,10500000.0,10500000.0,1,2024,spotrac_fa_tracker,CF
Liam Hendriks,BOS,CWS,RP,,10000000.0,5000000.0,2,2024,spotrac_fa_tracker,RP/CL
Clayton Kershaw,LAD,LAD,SP,,10000000.0,5000000.0,2,2024,spotrac_fa_tracker,SP/SP1
Hector Neris,CHC,HOU,RP,,9000000.0,9000000.0,1,2024,spotrac_fa_tracker,RP/SU8
Matt Moore,LAA,MIA,RP,,9000000.0,9000000.0,1,2024,spotrac_fa_tracker,RP/SU7
Alex Wood,OAK,SF,SP,,8500000.0,8500000.0,1,2024,spotrac_fa_tracker,SP/SP3
Wade Miley,MIL,MIL,SP,,8500000.0,8500000.0,1,2024,spotrac_fa_tracker,SP/SP2
Tom Murphy,SF,SEA,C,,8250000.0,4125000.0,2,2024,spotrac_fa_tracker,C
Whit Merrifield,PHI,TOR,RF,,8000000.0,8000000.0,1,2024,spotrac_fa_tracker,RF/2B
Chris Stratton,KC,TEX,RP,,8000000.0,4000000.0,2,2024,spotrac_fa_tracker,RP
Martín Pérez,PIT,TEX,SP,,8000000.0,8000000.0,1,2024,spotrac_fa_tracker,SP/SP5
Joe Kelly,LAD,LAD,RP,,8000000.0,8000000.0,1,2024,spotrac_fa_tracker,RP
James Paxton,LAD,BOS,SP,,7000000.0,7000000.0,1,2024,spotrac_fa_tracker,SP/SP2
Jake Junis,MIL,SF,RP,,7000000.0,7000000.0,1,2024,spotrac_fa_tracker,RP
Phil Maton,TB,HOU,RP,,6500000.0,6500000.0,1,2024,spotrac_fa_tracker,RP
Keynan Middleton,STL,NYY,RP,,6000000.0,6000000.0,1,2024,spotrac_fa_tracker,RP
John Brebbia,CWS,SF,RP,,5500000.0,5500000.0,1,2024,spotrac_fa_tracker,RP/SU8
Carlos Santana,MIN,MIL,1B,,5250000.0,5250000.0,1,2024,spotrac_fa_tracker,1B/DH
Tim Anderson,MIA,CWS,SS,,5000000.0,5000000.0,1,2024,spotrac_fa_tracker,SS
Joey Gallo,WSH,MIN,1B,,5000000.0,5000000.0,1,2024,spotrac_fa_tracker,1B/OF
Andrew McCutchen,PIT,PIT,RF,,5000000.0,5000000.0,1,2024,spotrac_fa_tracker,RF/RF
Andrew Chafin,DET,MIL,RP,,4750000.0,4750000.0,1,2024,spotrac_fa_tracker,RP/CL
Michael Lorenzen,TEX,PHI,SP,,4500000.0,4500000.0,1,2024,spotrac_fa_tracker,SP/SP4
Adam Frazier,KC,BAL,2B,,4500000.0,4500000.0,1,2024,spotrac_fa_tracker,2B/RF/DH
Adam Ottavino,NYM,NYM,RP,,4500000.0,4500000.0,1,2024,spotrac_fa_tracker,RP/SU8
Woo-Suk Go,SD,KOR,RP,,4500000.0,2250000.0,2,2024,spotrac_fa_tracker,RP
Martin Maldonado,CWS,HOU,C,,4250000.0,4250000.0,1,2024,spotrac_fa_tracker,C
Luis Garcia,LAA,SD,RP,,4250000.0,4250000.0,1,2024,spotrac_fa_tracker,RP/SU8
Michael A. Taylor,PIT,MIN,CF,,4000000.0,4000000.0,1,2024,spotrac_fa_tracker,CF
Ryne Stanek,SEA,HOU,RP,,4000000.0,4000000.0,1,2024,spotrac_fa_tracker,RP
Enrique Hernandez,LAD,LAD,SS,,4000000.0,4000000.0,1,2024,spotrac_fa_tracker,SS/OF
Austin Hedges,CLE,TEX,C,,4000000.0,4000000.0,1,2024,spotrac_fa_tracker,C
Shintaro Fujinami,NYM,BAL,RP,,3350000.0,3350000.0,1,2024,spotrac_fa_tracker,RP
Shelby Miller,DET,LAD,RP,,3250000.0,3250000.0,1,2024,spotrac_fa_tracker,RP/SU7
Rowdy Tellez,PIT,MIL,1B,,3200000.0,3200000.0,1,2024,spotrac_fa_tracker,1B
Brent Suter,CIN,COL,RP,,3000000.0,3000000.0,1,2024,spotrac_fa_tracker,RP
Mike Clevinger,CWS,CWS,SP,,3000000.0,3000000.0,1,2024,spotrac_fa_tracker,SP/SP4
Adam Duvall,ATL,BOS,RF,,3000000.0,3000000.0,1,2024,spotrac_fa_tracker,RF
Gary Sánchez,MIL,SD,C,,3000000.0,3000000.0,1,2024,spotrac_fa_tracker,C/C
J.D. Davis,OAK,SF,3B,,2500000.0,2500000.0,1,2024,spotrac_fa_tracker,3B/LF
Yasmani Grandal,PIT,CWS,C,,2500000.0,2500000.0,1,2024,spotrac_fa_tracker,C
Julio Teherán,NYM,BAL,SP,,2500000.0,2500000.0,1,2024,spotrac_fa_tracker,SP
Naoyuki Uwasawa,TB,,SP,,2500000.0,2500000.0,1,2024,spotrac_fa_tracker,P
Scott Alexander,OAK,SF,RP,,2250000.0,2250000.0,1,2024,spotrac_fa_tracker,RP
Dylan Floro,WSH,MIN,RP,,2250000.0,2250000.0,1,2024,spotrac_fa_tracker,RP/CL
Buck Farmer,CIN,CIN,RP,,2250000.0,2250000.0,1,2024,spotrac_fa_tracker,RP
Brandon Crawford,STL,SF,SS,,2000000.0,2000000.0,1,2024,spotrac_fa_tracker,SS
Randal Grichuk,ARI,LAA,RF,,2000000.0,2000000.0,1,2024,spotrac_fa_tracker,RF
Jorge López,NYM,BAL,RP,,2000000.0,2000000.0,1,2024,spotrac_fa_tracker,RP/SU8
Joey Wendle,NYM,MIA,3B,,2000000.0,2000000.0,1,2024,spotrac_fa_tracker,3B
Jacob Stallings,COL,MIA,C,,2000000.0,2000000.0,1,2024,spotrac_fa_tracker,C
Spencer Turnbull,PHI,DET,SP,,2000000.0,2000000.0,1,2024,spotrac_fa_tracker,SP
Nick Senzel,WSH,CIN,CF,,2000000.0,2000000.0,1,2024,spotrac_fa_tracker,CF/3B
Garrett Hampson,KC,MIA,SS,,2000000.0,2000000.0,1,2024,spotrac_fa_tracker,SS
Luke Weaver,NYY,NYY,SP,,2000000.0,2000000.0,1,2024,spotrac_fa_tracker,SP
Andrew Knizner,TEX,STL,C,,1825000.0,1825000.0,1,2024,spotrac_fa_tracker,C
Tim Hill,CWS,SD,RP,,1800000.0,1800000.0,1,2024,spotrac_fa_tracker,RP
Jose Cisnero,LAA,DET,RP,,1750000.0,1750000.0,1,2024,spotrac_fa_tracker,RP
Paul DeJong,CWS,SF,SS,,1750000.0,1750000.0,1,2024,spotrac_fa_tracker,SS
Chris Flexen,CWS,COL,RP,,1750000.0,1750000.0,1,2024,spotrac_fa_tracker,RP/SP
Joe Ross,MIL,SF,SP,,1750000.0,1750000.0,1,2024,spotrac_fa_tracker,SP
Travis Jankowski,TEX,TEX,LF,,1700000.0,1700000.0,1,2024,spotrac_fa_tracker,LF
Adam Cimber,LAA,TOR,RP,,1650000.0,1650000.0,1,2024,spotrac_fa_tracker,RP
Giovanny Urshela,DET,LAA,3B,,1500000.0,1500000.0,1,2024,spotrac_fa_tracker,3B/1B
Amed Rosario,TB,LAD,SS,,1500000.0,1500000.0,1,2024,spotrac_fa_tracker,SS
Dakota Hudson,COL,STL,RP,,1500000.0,1500000.0,1,2024,spotrac_fa_tracker,RP
Lou Trivino,NYY,NYY,RP,,1500000.0,1500000.0,1,2024,spotrac_fa_tracker,RP
Trevor Gott,OAK,NYM,RP,,1500000.0,1500000.0,1,2024,spotrac_fa_tracker,RP/SU7
Jay Jackson,MIN,TOR,RP,,1500000.0,1500000.0,1,2024,spotrac_fa_tracker,RP
Mike Ford,CIN,CIN,1B,,1300000.0,1300000.0,1,2024,spotrac_fa_tracker,1B
Austin Voth,SEA,BAL,SP,,1250000.0,1250000.0,1,2024,spotrac_fa_tracker,SP
Chase Anderson,BOS,PIT,SP,,1250000.0,1250000.0,1,2024,spotrac_fa_tracker,SP
Luis Guillorme,ATL,NYM,SS,,1100000.0,1100000.0,1,2024,spotrac_fa_tracker,SS
Chris Devenski,TB,TB,RP,,1100000.0,1100000.0,1,2024,spotrac_fa_tracker,RP
Tony Kemp,BAL,CIN,2B,,1000000.0,1000000.0,1,2024,spotrac_fa_tracker,2B/CF
Eric Haase,MIL,CLE,C,,1000000.0,1000000.0,1,2024,spotrac_fa_tracker,C
Kolby Allard,PHI,ATL,SP,,1000000.0,1000000.0,1,2024,spotrac_fa_tracker,SP
Michael Tonkin,NYM,ATL,RP,,1000000.0,1000000.0,1,2024,spotrac_fa_tracker,RP
Curt Casali,SF,CHC,C,,1000000.0,1000000.0,1,2024,spotrac_fa_tracker,C
Jurickson Profar,SD,SD,LF,,1000000.0,1000000.0,1,2024,spotrac_fa_tracker,LF
Cooper Criswell,BOS,TB,RP,,1000000.0,1000000.0,1,2024,spotrac_fa_tracker,RP
Zach Plesac,LAA,CLE,SP,,1000000.0,1000000.0,1,2024,spotrac_fa_tracker,SP/SP3
Austin Nola,KC,MIL,C,,975000.0,975000.0,1,2024,spotrac_fa_tracker,C
Josh Staumont,MIN,KC,RP,,950000.0,950000.0,1,2024,spotrac_fa_tracker,RP
Austin Wynns,CIN,COL,C,,950000.0,950000.0,1,2024,spotrac_fa_tracker,C
Ricky Vanasco,LAD,LAD,SP,,900000.0,900000.0,1,2024,spotrac_fa_tracker,SP
Adam Kolarek,LAA,ATL,RP,,900000.0,900000.0,1,2024,spotrac_fa_tracker,RP
Josh Fleming,PIT,PHI,SP,,850000.0,850000.0,1,2024,spotrac_fa_tracker,SP
Austin Adams,NYM,ARI,RP,,800000.0,800000.0,1,2024,spotrac_fa_tracker,RP
Penn Murfee,ATL,ATL,RP,,760000.0,760000.0,1,2024,spotrac_fa_tracker,RP
Ben Lively,CLE,CIN,SP,,750000.0,750000.0,1,2024,spotrac_fa_tracker,SP
Osvaldo Bido,OAK,PIT,SP,,750000.0,750000.0,1,2024,spotrac_fa_tracker,SP
Cody Poteet,NYY,KC,SP,,750000.0,750000.0,1,2024,spotrac_fa_tracker,SP
Matt Carpenter,STL,ATL,3B,,740000.0,740000.0,1,2024,spotrac_fa_tracker,3B/1B
Aaron Hicks,LAA,BAL,CF,,740000.0,740000.0,1,2024,spotrac_fa_tracker,CF
Angel Perdomo,ATL,ATL,RP,,740000.0,740000.0,1,2024,spotrac_fa_tracker,RP
Nick Senzel,CWS,WSH,CF,,740000.0,740000.0,1,2024,spotrac_fa_tracker,CF/3B
Tim Hill,NYY,CWS,RP,,740000.0,740000.0,1,2024,spotrac_fa_tracker,RP
Hector Neris,HOU,CHC,RP,,740000.0,740000.0,1,2024,spotrac_fa_tracker,RP/SU8
Kevin Pillar,LAA,CWS,CF,,740000.0,740000.0,1,2024,spotrac_fa_tracker,CF
Brad Keller,BOS,CWS,SP,,740000.0,740000.0,1,2024,spotrac_fa_tracker,SP
Dominic Smith,CIN,BOS,1B,,740000.0,740000.0,1,2024,spotrac_fa_tracker,1B/LF
Luis Guillorme,ARI,LAA,SS,,740000.0,740000.0,1,2024,spotrac_fa_tracker,SS
Joey Wendle,ATL,NYM,3B,,740000.0,740000.0,1,2024,spotrac_fa_tracker,3B
Alex Bregman,BOS,HOU,3B,,120000000.0,40000000.0,3,2025,spotrac_fa_tracker,3B
Tanner Scott,LAD,SD,RP,,72000000.0,18000000.0,4,2025,spotrac_fa_tracker,RP/CL
Luis Severino,ATH,NYM,SP,,67000000.0,22333333.0,3,2025,spotrac_fa_tracker,SP/SP3
Teoscar Hernandez,LAD,LAD,LF,,66000000.0,22000000.0,3,2025,spotrac_fa_tracker,LF/RF
Yusei Kikuchi,LAA,HOU,SP,,63675000.0,21225000.0,3,2025,spotrac_fa_tracker,SP
Christian Walker,HOU,ARI,1B,,60000000.0,20000000.0,3,2025,spotrac_fa_tracker,1B
Nick Pivetta,SD,BOS,SP,,55000000.0,13750000.0,4,2025,spotrac_fa_tracker,SP
Pete Alonso,NYM,NYM,1B,,54000000.0,27000000.0,2,2025,spotrac_fa_tracker,1B
Tyler O'Neill,BAL,BOS,LF,,49500000.0,16500000.0,3,2025,spotrac_fa_tracker,LF
Jurickson Profar,ATL,SD,LF,,42000000.0,14000000.0,3,2025,spotrac_fa_tracker,LF
Clay Holmes,NYM,NYY,SP,,38000000.0,12666667.0,3,2025,spotrac_fa_tracker,SP/RP
Joc Pederson,TEX,ARI,DH,,37000000.0,18500000.0,2,2025,spotrac_fa_tracker,DH/DH
Jack Flaherty,DET,LAD,SP,,35000000.0,17500000.0,2,2025,spotrac_fa_tracker,SP/SP2
Frankie Montas,NYM,MIL,SP,,34000000.0,17000000.0,2,2025,spotrac_fa_tracker,SP
Jeff Hoffman,TOR,PHI,RP,,33000000.0,11000000.0,3,2025,spotrac_fa_tracker,RP
Ha-seong Kim,TB,SD,2B,,29000000.0,14500000.0,2,2025,spotrac_fa_tracker,2B/SS
Matthew Boyd,CHC,CLE,SP,,29000000.0,14500000.0,2,2025,spotrac_fa_tracker,SP
Shane Bieber,CLE,CLE,SP,,26000000.0,13000000.0,2,2025,spotrac_fa_tracker,SP/SP1
Carlos Estevez,KC,PHI,RP,,22200000.0,11100000.0,2,2025,spotrac_fa_tracker,RP/CL
A.J. Minter,NYM,ATL,RP,,22000000.0,11000000.0,2,2025,spotrac_fa_tracker,RP/SU8
Blake Treinen,LAD,LAD,RP,,22000000.0,11000000.0,2,2025,spotrac_fa_tracker,RP
Walker Buehler,BOS,LAD,SP,,21050000.0,21050000.0,1,2025,spotrac_fa_tracker,SP/SP1
Nick Martinez,CIN,CIN,SP,,21050000.0,21050000.0,1,2025,spotrac_fa_tracker,SP/RP
Patrick Sandoval,BOS,LAA,SP,,18250000.0,9125000.0,2,2025,spotrac_fa_tracker,SP/SP3
Michael Conforto,LAD,SF,LF,,17000000.0,17000000.0,1,2025,spotrac_fa_tracker,LF
David Robertson,PHI,TEX,RP,,15942857.0,15942857.0,1,2025,spotrac_fa_tracker,RP/CL
Max Scherzer,TOR,TEX,SP,,15500000.0,15500000.0,1,2025,spotrac_fa_tracker,SP/SP2
Gleyber Torres,DET,NYY,2B,,15000000.0,15000000.0,1,2025,spotrac_fa_tracker,2B
Charlie Morton,BAL,ATL,SP,,15000000.0,15000000.0,1,2025,spotrac_fa_tracker,SP/SP2
Alex Cobb,DET,CLE,SP,,15000000.0,15000000.0,1,2025,spotrac_fa_tracker,SP/SP4
Justin Verlander,SF,HOU,SP,,15000000.0,15000000.0,1,2025,spotrac_fa_tracker,SP/SP1
Yimi Garcia,TOR,SEA,RP,,15000000.0,7500000.0,2,2025,spotrac_fa_tracker,RP/SU7
Trevor Williams,WSH,WSH,SP,,14000000.0,7000000.0,2,2025,spotrac_fa_tracker,SP
Kyle Higashioka,TEX,SD,C,,13500000.0,6750000.0,2,2025,spotrac_fa_tracker,C
Kirby Yates,LAD,TEX,RP,,13000000.0,13000000.0,1,2025,spotrac_fa_tracker,RP
Tomoyuki Sugano,BAL,,SP,,13000000.0,13000000.0,1,2025,spotrac_fa_tracker,SP
Paul Goldschmidt,NYY,STL,1B,,12500000.0,12500000.0,1,2025,spotrac_fa_tracker,1B
Hyeseong Kim,LAD,KOR,2B,,12500000.0,4166667.0,3,2025,spotrac_fa_tracker,2B
Travis d'Arnaud,LAA,ATL,C,,12000000.0,6000000.0,2,2025,spotrac_fa_tracker,C
Carlos Santana,CLE,MIN,1B,,12000000.0,12000000.0,1,2025,spotrac_fa_tracker,1B/DH
Carson Kelly,CHC,TEX,C,,11500000.0,5750000.0,2,2025,spotrac_fa_tracker,C
Aroldis Chapman,BOS,PIT,RP,,10750000.0,10750000.0,1,2025,spotrac_fa_tracker,RP
Max Kepler,PHI,MIN,RF,,10000000.0,10000000.0,1,2025,spotrac_fa_tracker,RF
Jose Leclerc,ATH,TEX,RP,,10000000.0,10000000.0,1,2025,spotrac_fa_tracker,RP
Andrew Kittredge,BAL,STL,RP,,10000000.0,10000000.0,1,2025,spotrac_fa_tracker,RP
Kenley Jansen,LAA,BOS,RP,,10000000.0,10000000.0,1,2025,spotrac_fa_tracker,RP/CL
Michael Soroka,WSH,CWS,SP,,9000000.0,9000000.0,1,2025,spotrac_fa_tracker,SP
Danny Jansen,TB,BOS,C,,8500000.0,8500000.0,1,2025,spotrac_fa_tracker,C
Jordan Romano,PHI,TOR,RP,,8500000.0,8500000.0,1,2025,spotrac_fa_tracker,RP/CL
Gary Sánchez,BAL,MIL,DH,,8500000.0,8500000.0,1,2025,spotrac_fa_tracker,DH/C
Jorge Polanco,SEA,SEA,2B,,7750000.0,7750000.0,1,2025,spotrac_fa_tracker,2B
Tommy Kahnle,DET,NYY,RP,,7750000.0,7750000.0,1,2025,spotrac_fa_tracker,RP
Clayton Kershaw,LAD,LAD,SP,,7500000.0,7500000.0,1,2025,spotrac_fa_tracker,SP/SP1
Jesse Winker,NYM,NYM,LF,,7500000.0,7500000.0,1,2025,spotrac_fa_tracker,LF/DH
Paul Sewald,CLE,ARI,RP,,7000000.0,7000000.0,1,2025,spotrac_fa_tracker,RP/CL
Michael Lorenzen,KC,KC,SP,,7000000.0,7000000.0,1,2025,spotrac_fa_tracker,SP
Enrique Hernandez,LAD,LAD,SS,,6500000.0,6500000.0,1,2025,spotrac_fa_tracker,SS/OF
Harrison Bader,MIN,NYM,CF,,6250000.0,6250000.0,1,2025,spotrac_fa_tracker,CF
Kyle Finnegan,WSH,WSH,RP,,6000000.0,6000000.0,1,2025,spotrac_fa_tracker,RP/CL
Josh Bell,WSH,ARI,1B,,6000000.0,6000000.0,1,2025,spotrac_fa_tracker,1B/1B
Justin Turner,CHC,SEA,DH,,6000000.0,6000000.0,1,2025,spotrac_fa_tracker,DH/1B
Chris Martin,TEX,BOS,RP,,5500000.0,5500000.0,1,2025,spotrac_fa_tracker,RP/SU8
Andrew Heaney,PIT,TEX,SP,,5250000.0,5250000.0,1,2025,spotrac_fa_tracker,SP/SP4
Kyle Gibson,BAL,STL,SP,,5250000.0,5250000.0,1,2025,spotrac_fa_tracker,SP/SP4
Yoan Moncada,LAA,CWS,3B,,5000000.0,5000000.0,1,2025,spotrac_fa_tracker,3B
Austin Hays,CIN,PHI,LF,,5000000.0,5000000.0,1,2025,spotrac_fa_tracker,LF
Jonathan Loaisiga,NYY,NYY,RP,,5000000.0,5000000.0,1,2025,spotrac_fa_tracker,RP
Colin Rea,CHC,MIL,SP,,5000000.0,5000000.0,1,2025,spotrac_fa_tracker,SP
Martín Pérez,CWS,SD,SP,,5000000.0,5000000.0,1,2025,spotrac_fa_tracker,SP/SP5
Randal Grichuk,ARI,ARI,RF,,5000000.0,5000000.0,1,2025,spotrac_fa_tracker,RF
Andrew McCutchen,PIT,PIT,DH,,5000000.0,5000000.0,1,2025,spotrac_fa_tracker,DH/DH
Jake Junis,CLE,CIN,RP,,4500000.0,4500000.0,1,2025,spotrac_fa_tracker,RP
Ryne Stanek,NYM,NYM,RP,,4500000.0,4500000.0,1,2025,spotrac_fa_tracker,RP
Griffin Canning,NYM,ATL,SP,,4250000.0,4250000.0,1,2025,spotrac_fa_tracker,SP/SP4
Tommy Pham,PIT,KC,LF,,4025000.0,4025000.0,1,2025,spotrac_fa_tracker,LF
Jose Quintana,MIL,NYM,SP,,4000000.0,4000000.0,1,2025,spotrac_fa_tracker,SP/SP1
Joe Ross,PHI,MIL,RP,,4000000.0,4000000.0,1,2025,spotrac_fa_tracker,RP
Austin Hedges,CLE,CLE,C,,4000000.0,4000000.0,1,2025,spotrac_fa_tracker,C
Ramon Laureano,BAL,ATL,LF,,4000000.0,4000000.0,1,2025,spotrac_fa_tracker,LF
Josh Rojas,CWS,SEA,3B,,3500000.0,3500000.0,1,2025,spotrac_fa_tracker,3B/OF/2B
Cal Quantrill,MIA,COL,SP,,3500000.0,3500000.0,1,2025,spotrac_fa_tracker,SP/SP2
Elias Diaz,SD,SD,C,,3500000.0,3500000.0,1,2025,spotrac_fa_tracker,C
Donovan Solano,SEA,SD,2B,,3500000.0,3500000.0,1,2025,spotrac_fa_tracker,2B/SS
Shinnosuke Ogasawara,WSH,,RP,,3500000.0,1750000.0,2,2025,spotrac_fa_tracker,RP
Kyle Farmer,COL,MIN,SS,,3250000.0,3250000.0,1,2025,spotrac_fa_tracker,SS
Thairo Estrada,COL,SF,2B,,3250000.0,3250000.0,1,2025,spotrac_fa_tracker,2B
Lucas Sims,WSH,BOS,RP,,3000000.0,3000000.0,1,2025,spotrac_fa_tracker,RP/SU8
Caleb Ferguson,PIT,HOU,RP,,3000000.0,3000000.0,1,2025,spotrac_fa_tracker,RP/SU8
Danny Coulombe,MIN,BAL,RP,,3000000.0,3000000.0,1,2025,spotrac_fa_tracker,RP/SU7
Jorge López,WSH,CHC,RP,,3000000.0,3000000.0,1,2025,spotrac_fa_tracker,RP/SU8
Tim Hill,NYY,NYY,RP,,2850000.0,2850000.0,1,2025,spotrac_fa_tracker,RP
Caleb Thielbar,CHC,MIN,RP,,2750000.0,2750000.0,1,2025,spotrac_fa_tracker,RP
Kevin Newman,LAA,ARI,SS,,2750000.0,2750000.0,1,2025,spotrac_fa_tracker,SS
Kyle Hendricks,LAA,CHC,SP,,2500000.0,2500000.0,1,2025,spotrac_fa_tracker,SP
Scott Barlow,CIN,CLE,RP,,2500000.0,2500000.0,1,2025,spotrac_fa_tracker,RP/CL
Hoby Milner,TEX,MIL,RP,,2500000.0,2500000.0,1,2025,spotrac_fa_tracker,RP
Jacob Stallings,COL,COL,C,,2500000.0,2500000.0,1,2025,spotrac_fa_tracker,C
Wade Miley,CIN,CIN,SP,,2500000.0,2500000.0,1,2025,spotrac_fa_tracker,SP/SP2
Justin Wilson,BOS,CIN,RP,,2250000.0,2250000.0,1,2025,spotrac_fa_tracker,RP
John Brebbia,DET,ATL,RP,,2250000.0,2250000.0,1,2025,spotrac_fa_tracker,RP
Giovanny Urshela,ATH,ATL,3B,,2150000.0,2150000.0,1,2025,spotrac_fa_tracker,3B
Jon Berti,CHC,NYY,2B,,2000000.0,2000000.0,1,2025,spotrac_fa_tracker,2B/SS/3B
Phil Maton,STL,NYM,RP,,2000000.0,2000000.0,1,2025,spotrac_fa_tracker,RP
Scott Alexander,COL,ATH,RP,,2000000.0,2000000.0,1,2025,spotrac_fa_tracker,RP
Amed Rosario,WSH,CIN,SS,,2000000.0,2000000.0,1,2025,spotrac_fa_tracker,SS
Adam Ottavino,NYY,BOS,RP,,2000000.0,2000000.0,1,2025,spotrac_fa_tracker,RP/SU8
Ryan Yarbrough,NYY,TOR,RP,,2000000.0,2000000.0,1,2025,spotrac_fa_tracker,RP
Anthony DeSclafani,ARI,NYY,SP,,2000000.0,2000000.0,1,2025,spotrac_fa_tracker,SP
Michael A. Taylor,CWS,PIT,CF,,1950000.0,1950000.0,1,2025,spotrac_fa_tracker,CF
Mike Tauchman,CWS,CHC,CF,,1950000.0,1950000.0,1,2025,spotrac_fa_tracker,CF
Brooks Raley,NYM,NYM,RP,,1850000.0,1850000.0,1,2025,spotrac_fa_tracker,RP/SU7
T.J. McFarland,ATH,ATH,RP,,1800000.0,1800000.0,1,2025,spotrac_fa_tracker,RP
Austin Slater,CWS,BAL,LF,,1750000.0,1750000.0,1,2025,spotrac_fa_tracker,LF
Adam Frazier,PIT,KC,2B,,1525000.0,1525000.0,1,2025,spotrac_fa_tracker,2B/RF/DH
Alex Verdugo,ATL,NYY,LF,,1500000.0,1500000.0,1,2025,spotrac_fa_tracker,LF
Luke Jackson,TEX,ATL,RP,,1500000.0,1500000.0,1,2025,spotrac_fa_tracker,RP/RF
Kyle Hart,SD,OS,SP,,1500000.0,1500000.0,1,2025,spotrac_fa_tracker,P
Garrett Hampson,CIN,ARI,SS,,1500000.0,1500000.0,1,2025,spotrac_fa_tracker,SS
Dillon Tate,TOR,TOR,RP,,1400000.0,1400000.0,1,2025,spotrac_fa_tracker,RP
Adrian Houser,CWS,TEX,SP,,1375000.0,1375000.0,1,2025,spotrac_fa_tracker,SP
Nick Madrigal,NYM,CHC,2B,,1350000.0,1350000.0,1,2025,spotrac_fa_tracker,2B
Kendall Graveman,ARI,HOU,RP,,1350000.0,1350000.0,1,2025,spotrac_fa_tracker,RP/CL
Manuel Margot,DET,MIL,RF,,1300000.0,1300000.0,1,2025,spotrac_fa_tracker,RF
Spencer Turnbull,TOR,PHI,SP,,1265306.0,1265306.0,1,2025,spotrac_fa_tracker,SP
Shawn Armstrong,TEX,CHC,RP,,1250000.0,1250000.0,1,2025,spotrac_fa_tracker,RP
Jacob Webb,TEX,BAL,RP,,1250000.0,1250000.0,1,2025,spotrac_fa_tracker,RP
Mickey Moniak,COL,LAA,CF,,1250000.0,1250000.0,1,2025,spotrac_fa_tracker,CF
Jalen Beeks,ARI,HOU,RP,,1250000.0,1250000.0,1,2025,spotrac_fa_tracker,RP
Ben Gamel,HOU,HOU,RF,,1200000.0,1200000.0,1,2025,spotrac_fa_tracker,RF
Tim Mayza,PIT,NYY,RP,,1150000.0,1150000.0,1,2025,spotrac_fa_tracker,RP
Jared Young,NYM,STL,1B,,1150000.0,1150000.0,1,2025,spotrac_fa_tracker,1B
Patrick Corbin,TEX,WSH,SP,,1100000.0,1100000.0,1,2025,spotrac_fa_tracker,SP/SP2
Luis Urias,ATH,SEA,3B,,1100000.0,1100000.0,1,2025,spotrac_fa_tracker,3B
Bryse Wilson,CWS,MIL,RP,,1050000.0,1050000.0,1,2025,spotrac_fa_tracker,RP/SU7
John Means,CLE,BAL,SP,,1000000.0,1000000.0,1,2025,spotrac_fa_tracker,SP/SP1
Drew Smith,NYM,NYM,RP,,1000000.0,1000000.0,1,2025,spotrac_fa_tracker,RP
Ty France,MIN,CIN,1B,,1000000.0,1000000.0,1,2025,spotrac_fa_tracker,1B
José Urquidy,DET,HOU,SP,,1000000.0,1000000.0,1,2025,spotrac_fa_tracker,SP/SP5
Connor Joe,SD,PIT,LF,,1000000.0,1000000.0,1,2025,spotrac_fa_tracker,LF/RF
Paul DeJong,WSH,KC,SS,,1000000.0,1000000.0,1,2025,spotrac_fa_tracker,SS
Jason Heyward,SD,HOU,RF,,1000000.0,1000000.0,1,2025,spotrac_fa_tracker,RF/CF
Ildemaro Vargas,ARI,ARI,2B,,1000000.0,1000000.0,1,2025,spotrac_fa_tracker,2B
Richard Lovelady,NYM,MIN,RP,,1000000.0,1000000.0,1,2025,spotrac_fa_tracker,RP
Dylan Carlson,BAL,TB,CF,,975000.0,975000.0,1,2025,spotrac_fa_tracker,CF
Dominic Smith,SF,NYY,1B,,943548.0,943548.0,1,2025,spotrac_fa_tracker,1B/LF
Elvin Rodriguez,MIL,OS,SP,,900000.0,900000.0,1,2025,spotrac_fa_tracker,SP
Bryan De La Cruz,ATL,PIT,LF,,860000.0,860000.0,1,2025,spotrac_fa_tracker,LF
Dylan Covey,NYM,PHI,RP,,850000.0,850000.0,1,2025,spotrac_fa_tracker,RP
Justin Hagenman,NYM,BOS,SP,,850000.0,850000.0,1,2025,spotrac_fa_tracker,SP
Nicky Lopez,LAA,CHC,SS,,850000.0,850000.0,1,2025,spotrac_fa_tracker,SS
Connor Gillispie,ATL,CLE,RP,,820000.0,820000.0,1,2025,spotrac_fa_tracker,RP
Cooper Hummel,BAL,NYY,LF,,765000.0,765000.0,1,2025,spotrac_fa_tracker,LF/C
Cooper Hummel,BAL,BAL,LF,,765000.0,765000.0,1,2025,spotrac_fa_tracker,LF/C
Paul Blackburn,NYY,NYM,SP,,760000.0,760000.0,1,2025,spotrac_fa_tracker,SP
Erick Fedde,MIL,ATL,SP,,760000.0,760000.0,1,2025,spotrac_fa_tracker,SP
Grant Wolfram,MIL,TEX,SP,,760000.0,760000.0,1,2025,spotrac_fa_tracker,P
Austin Cox,ATL,KC,SP,,760000.0,760000.0,1,2025,spotrac_fa_tracker,P
Tyler Alexander,CWS,MIL,RP,,760000.0,760000.0,1,2025,spotrac_fa_tracker,RP
Dan Altavilla,CWS,CWS,RP,,760000.0,760000.0,1,2025,spotrac_fa_tracker,RP
Josh Walker,TOR,PIT,RP,,760000.0,760000.0,1,2025,spotrac_fa_tracker,RP
Corbin Martin,BAL,BAL,RP,,760000.0,760000.0,1,2025,spotrac_fa_tracker,RP
Craig Kimbrel,HOU,TEX,RP,,760000.0,760000.0,1,2025,spotrac_fa_tracker,RP
Sergio Alcantara,ARI,SD,SS,,760000.0,760000.0,1,2025,spotrac_fa_tracker,SS
Greg Allen,BAL,CHC,LF,,760000.0,760000.0,1,2025,spotrac_fa_tracker,OF
Zach Pop,NYM,SEA,RP,,760000.0,760000.0,1,2025,spotrac_fa_tracker,RP
Eric Wagaman,MIA,LAA,1B,,0.0,0.0,1,2025,spotrac_fa_tracker,1B
Michael King,SD,SD,SP,,75000000.0,25000000.0,3,2026,spotrac_fa_tracker,SP
Edwin Diaz,LAD,NYM,RP,,69000000.0,23000000.0,3,2026,spotrac_fa_tracker,RP/CL
Kazuma Okamoto,TOR,,3B,,60000000.0,15000000.0,4,2026,spotrac_fa_tracker,3B
Tatsuya Imai,HOU,,SP,,54000000.0,18000000.0,3,2026,spotrac_fa_tracker,P
Devin Williams,NYM,NYY,RP,,51000000.0,17000000.0,3,2026,spotrac_fa_tracker,RP/CL
J.T. Realmuto,PHI,PHI,C,,45000000.0,15000000.0,3,2026,spotrac_fa_tracker,C
Robert Suarez,ATL,SD,RP,,45000000.0,15000000.0,3,2026,spotrac_fa_tracker,RP
Merrill Kelly,ARI,TEX,SP,,40000000.0,20000000.0,2,2026,spotrac_fa_tracker,SP
Jorge Polanco,NYM,SEA,1B,,40000000.0,20000000.0,2,2026,spotrac_fa_tracker,1B
Tyler Rogers,TOR,NYM,RP,,37000000.0,12333333.0,3,2026,spotrac_fa_tracker,RP
Munetaka Murakami,CWS,,3B,,34000000.0,17000000.0,2,2026,spotrac_fa_tracker,3B
Cody Ponce,TOR,OS,SP,,30000000.0,10000000.0,3,2026,spotrac_fa_tracker,SP
Ryan O'Hearn,PIT,SD,DH,,29000000.0,14500000.0,2,2026,spotrac_fa_tracker,DH/1B/RF
Ryan Helsley,BAL,NYM,RP,,28000000.0,14000000.0,2,2026,spotrac_fa_tracker,RP
Mike Yastrzemski,ATL,KC,CF,,23000000.0,11500000.0,2,2026,spotrac_fa_tracker,CF
Zac Gallen,ARI,ARI,SP,,22025000.0,22025000.0,1,2026,spotrac_fa_tracker,SP/SP2
Shota Imanaga,CHC,CHC,SP,,22025000.0,22025000.0,1,2026,spotrac_fa_tracker,SP
Gleyber Torres,DET,DET,2B,,22025000.0,22025000.0,1,2026,spotrac_fa_tracker,2B
Trent Grisham,NYY,NYY,CF,,22025000.0,22025000.0,1,2026,spotrac_fa_tracker,CF
Brandon Woodruff,MIL,MIL,SP,,22025000.0,22025000.0,1,2026,spotrac_fa_tracker,SP/SP2
Luke Weaver,NYM,NYY,RP,,22000000.0,11000000.0,2,2026,spotrac_fa_tracker,RP
Brad Keller,PHI,CHC,SP,,22000000.0,11000000.0,2,2026,spotrac_fa_tracker,SP
Adrian Houser,SF,TB,SP,,22000000.0,11000000.0,2,2026,spotrac_fa_tracker,SP
Harrison Bader,SF,PHI,CF,,20500000.0,10250000.0,2,2026,spotrac_fa_tracker,CF
Seranthony Dominguez,CWS,TOR,RP,,20000000.0,10000000.0,2,2026,spotrac_fa_tracker,RP/SU7
Emilio Pagan,CIN,CIN,RP,,20000000.0,10000000.0,2,2026,spotrac_fa_tracker,RP/SU8
Ha-seong Kim,ATL,ATL,SS,,20000000.0,20000000.0,1,2026,spotrac_fa_tracker,SS
Kyle Finnegan,DET,DET,RP,,19000000.0,9500000.0,2,2026,spotrac_fa_tracker,RP/CL
Chris Bassitt,BAL,TOR,SP,,18500000.0,18500000.0,1,2026,spotrac_fa_tracker,SP/SP1
Raisel Iglesias,ATL,ATL,RP,,16000000.0,16000000.0,1,2026,spotrac_fa_tracker,RP/CL
Eugenio Suarez,CIN,SEA,3B,,15000000.0,15000000.0,1,2026,spotrac_fa_tracker,3B
Steven Matz,TB,BOS,SP,,15000000.0,7500000.0,2,2026,spotrac_fa_tracker,SP
Danny Jansen,TEX,MIL,C,,14500000.0,7250000.0,2,2026,spotrac_fa_tracker,C
Phil Maton,CHC,TEX,RP,,14500000.0,7250000.0,2,2026,spotrac_fa_tracker,RP
Victor Caratini,MIN,HOU,C,,14000000.0,7000000.0,2,2026,spotrac_fa_tracker,C
Pete Fairbanks,MIA,TB,RP,,13000000.0,13000000.0,1,2026,spotrac_fa_tracker,RP/CL
Nick Martinez,TB,CIN,SP,,13000000.0,13000000.0,1,2026,spotrac_fa_tracker,SP/RP
Justin Verlander,DET,SF,SP,,13000000.0,13000000.0,1,2026,spotrac_fa_tracker,SP/SP1
Willi Castro,COL,CHC,SS,,12800000.0,6400000.0,2,2026,spotrac_fa_tracker,SS
Dustin May,STL,BOS,SP,,12500000.0,12500000.0,1,2026,spotrac_fa_tracker,SP
Luis Arraez,SF,SD,2B,,12000000.0,12000000.0,1,2026,spotrac_fa_tracker,2B
Marcell Ozuna,PIT,ATL,DH,,12000000.0,12000000.0,1,2026,spotrac_fa_tracker,DH
Anthony Kay,CWS,OS,RP,,12000000.0,6000000.0,2,2026,spotrac_fa_tracker,RP
Kenley Jansen,DET,LAA,RP,,11000000.0,11000000.0,1,2026,spotrac_fa_tracker,RP/CL
Adolis García,PHI,TEX,RF,,10000000.0,10000000.0,1,2026,spotrac_fa_tracker,RF
Zach Eflin,BAL,BAL,SP,,10000000.0,10000000.0,1,2026,spotrac_fa_tracker,SP
Tyler Mahle,SF,TEX,SP,,10000000.0,10000000.0,1,2026,spotrac_fa_tracker,SP/SP2
Michael Lorenzen,COL,KC,SP,,8000000.0,8000000.0,1,2026,spotrac_fa_tracker,SP
Gregory Soto,PIT,NYM,RP,,7750000.0,7750000.0,1,2026,spotrac_fa_tracker,RP
Michael Soroka,ARI,CHC,RP,,7500000.0,7500000.0,1,2026,spotrac_fa_tracker,RP
Cedric Mullins,TB,NYM,CF,,7000000.0,7000000.0,1,2026,spotrac_fa_tracker,CF
Zack Littell,WSH,CIN,SP,,7000000.0,7000000.0,1,2026,spotrac_fa_tracker,SP
Josh Bell,MIN,WSH,DH,,7000000.0,7000000.0,1,2026,spotrac_fa_tracker,DH/1B
Drew Anderson,DET,OS,SP,,7000000.0,7000000.0,1,2026,spotrac_fa_tracker,SP
Evan Phillips,LAD,LAD,RP,,6500000.0,6500000.0,1,2026,spotrac_fa_tracker,RP/CL
Pierce Johnson,CIN,ATL,RP,,6500000.0,6500000.0,1,2026,spotrac_fa_tracker,RP
Rob Refsnyder,SEA,BOS,RF,,6250000.0,6250000.0,1,2026,spotrac_fa_tracker,RF
Hunter Harvey,CHC,KC,RP,,6000000.0,6000000.0,1,2026,spotrac_fa_tracker,RP/SU8
Aaron Civale,ATH,CHC,SP,,6000000.0,6000000.0,1,2026,spotrac_fa_tracker,SP/SP4
Isiah Kiner-Falefa,BOS,TOR,2B,,6000000.0,6000000.0,1,2026,spotrac_fa_tracker,2B/3B/SS/OF
Austin Hays,CWS,CIN,LF,,6000000.0,6000000.0,1,2026,spotrac_fa_tracker,LF
Jose Quintana,COL,MIL,SP,,6000000.0,6000000.0,1,2026,spotrac_fa_tracker,SP/SP1
Miguel Rojas,LAD,LAD,SS,,5500000.0,5500000.0,1,2026,spotrac_fa_tracker,SS
Shawn Armstrong,CLE,TEX,RP,,5500000.0,5500000.0,1,2026,spotrac_fa_tracker,RP
Foster Griffin,WSH,OS,RP,,5500000.0,5500000.0,1,2026,spotrac_fa_tracker,RP
Lane Thomas,KC,CLE,RF,,5250000.0,5250000.0,1,2026,spotrac_fa_tracker,RF
Tomoyuki Sugano,COL,BAL,SP,,5100000.0,5100000.0,1,2026,spotrac_fa_tracker,SP
Kirby Yates,LAA,LAD,RP,,5000000.0,5000000.0,1,2026,spotrac_fa_tracker,RP
Caleb Thielbar,CHC,CHC,RP,,4500000.0,4500000.0,1,2026,spotrac_fa_tracker,RP
Caleb Ferguson,CIN,SEA,RP,,4500000.0,4500000.0,1,2026,spotrac_fa_tracker,RP/SU8
Sean Newcomb,CWS,ATH,RP,,4500000.0,4500000.0,1,2026,spotrac_fa_tracker,RP
Enrique Hernandez,LAD,LAD,LF,,4500000.0,4500000.0,1,2026,spotrac_fa_tracker,OF
Tyler Kinley,ATL,ATL,RP,,4250000.0,4250000.0,1,2026,spotrac_fa_tracker,RP
Chris Paddack,MIA,DET,RP,,4000000.0,4000000.0,1,2026,spotrac_fa_tracker,RP
Miguel Andujar,SD,CIN,3B,,4000000.0,4000000.0,1,2026,spotrac_fa_tracker,3B/1B
Paul Goldschmidt,NYY,NYY,1B,,4000000.0,4000000.0,1,2026,spotrac_fa_tracker,1B
Chris Martin,TEX,TEX,RP,,4000000.0,4000000.0,1,2026,spotrac_fa_tracker,RP/SU8
Yoan Moncada,LAA,LAA,3B,,4000000.0,4000000.0,1,2026,spotrac_fa_tracker,3B
Jake Junis,TEX,CLE,RP,,4000000.0,4000000.0,1,2026,spotrac_fa_tracker,RP
Drew Pomeranz,LAA,CHC,RP,,4000000.0,4000000.0,1,2026,spotrac_fa_tracker,RP
Hoby Milner,CHC,TEX,RP,,3750000.0,3750000.0,1,2026,spotrac_fa_tracker,RP
Luis Rengifo,MIL,LAA,SS,,3500000.0,3500000.0,1,2026,spotrac_fa_tracker,SS
Ryne Stanek,STL,NYM,RP,,3500000.0,3500000.0,1,2026,spotrac_fa_tracker,RP
Jake Fraley,TB,TB,RF,,3000000.0,3000000.0,1,2026,spotrac_fa_tracker,RF/OF
Lucas Giolito,SD,BOS,SP,,3000000.0,3000000.0,1,2026,spotrac_fa_tracker,SP/SP2
Max Scherzer,TOR,TOR,SP,,3000000.0,3000000.0,1,2026,spotrac_fa_tracker,SP/SP2
Mark Leiter Jr.,ATH,NYY,RP,,2850000.0,2850000.0,1,2026,spotrac_fa_tracker,RP
James McCann,ARI,ARI,C,,2750000.0,2750000.0,1,2026,spotrac_fa_tracker,C
Ryan Weiss,HOU,OS,SP,,2600000.0,2600000.0,1,2026,spotrac_fa_tracker,P
Griffin Canning,SD,NYM,SP,,2500000.0,2500000.0,1,2026,spotrac_fa_tracker,SP
Amed Rosario,NYY,NYY,SS,,2500000.0,2500000.0,1,2026,spotrac_fa_tracker,SS
Shelby Miller,CHC,MIL,RP,,2500000.0,1250000.0,2,2026,spotrac_fa_tracker,RP/SU7
Ryan Yarbrough,NYY,NYY,RP,,2500000.0,2500000.0,1,2026,spotrac_fa_tracker,RP
Miles Mikolas,WSH,STL,SP,,2250000.0,2250000.0,1,2026,spotrac_fa_tracker,SP/SP5
Joel Payamps,ATL,ATL,RP,,2250000.0,2250000.0,1,2026,spotrac_fa_tracker,RP
Ramon Urias,STL,HOU,3B,,2000000.0,2000000.0,1,2026,spotrac_fa_tracker,3B/SS
Taylor Rogers,MIN,CHC,RP,,2000000.0,2000000.0,1,2026,spotrac_fa_tracker,RP
Leody Taveras,BAL,SEA,CF,,2000000.0,2000000.0,1,2026,spotrac_fa_tracker,CF
Jason Foley,SF,DET,RP,,2000000.0,2000000.0,1,2026,spotrac_fa_tracker,RP/SU8
Jordan Romano,LAA,PHI,RP,,2000000.0,2000000.0,1,2026,spotrac_fa_tracker,RP/CL
Scott Barlow,ATH,CIN,RP,,2000000.0,2000000.0,1,2026,spotrac_fa_tracker,RP/SU8
Christopher Morel,MIA,TB,LF,,2000000.0,2000000.0,1,2026,spotrac_fa_tracker,LF
Paul Blackburn,NYY,NYY,RP,,2000000.0,2000000.0,1,2026,spotrac_fa_tracker,RP
Carlos Santana,ARI,CHC,1B,,2000000.0,2000000.0,1,2026,spotrac_fa_tracker,1B/DH
Alek Manoah,LAA,ATL,SP,,1950000.0,1950000.0,1,2026,spotrac_fa_tracker,SP/SP4
Germán Márquez,SD,COL,SP,,1750000.0,1750000.0,1,2026,spotrac_fa_tracker,SP/SP1
Gary Sánchez,MIL,BAL,DH,,1750000.0,1750000.0,1,2026,spotrac_fa_tracker,DH/C
Luis Garcia,NYM,LAA,RP,,1750000.0,1750000.0,1,2026,spotrac_fa_tracker,RP/SU8
Jalen Beeks,TEX,ARI,RP,,1600000.0,1600000.0,1,2026,spotrac_fa_tracker,RP
Taylor Clarke,ARI,KC,RP,,1550000.0,1550000.0,1,2026,spotrac_fa_tracker,RP
John King,MIA,STL,RP,,1500000.0,1500000.0,1,2026,spotrac_fa_tracker,RP
Colin Holderman,CLE,PIT,RP,,1500000.0,1500000.0,1,2026,spotrac_fa_tracker,RP/SU8
MJ Melendez,NYM,KC,LF,,1500000.0,1500000.0,1,2026,spotrac_fa_tracker,LF/C
Jacob Webb,CHC,TEX,RP,,1500000.0,1500000.0,1,2026,spotrac_fa_tracker,RP
Paul Sewald,ARI,DET,RP,,1500000.0,1500000.0,1,2026,spotrac_fa_tracker,RP/CL
José Urquidy,PIT,DET,SP,,1500000.0,1500000.0,1,2026,spotrac_fa_tracker,SP/SP5
Erick Fedde,CWS,MIL,SP,,1500000.0,1500000.0,1,2026,spotrac_fa_tracker,SP
Dylan Moore,PHI,PHI,2B,,1450000.0,1450000.0,1,2026,spotrac_fa_tracker,2B
Sam Hentges,SF,CLE,RP,,1400000.0,1400000.0,1,2026,spotrac_fa_tracker,RP
J.J. Bleday,CIN,ATH,CF,,1400000.0,1400000.0,1,2026,spotrac_fa_tracker,CF
Nate Pearson,HOU,CHC,RP,,1350000.0,1350000.0,1,2026,spotrac_fa_tracker,RP
Keegan Thompson,CIN,CHC,RP,,1300000.0,1300000.0,1,2026,spotrac_fa_tracker,RP
Tyler Austin,CHC,OS,1B,,1250000.0,1250000.0,1,2026,spotrac_fa_tracker,1B
Jonah Heim,ATL,TEX,C,,1250000.0,1250000.0,1,2026,spotrac_fa_tracker,C
Brent Suter,LAA,CIN,RP,,1250000.0,1250000.0,1,2026,spotrac_fa_tracker,RP
Jordan Montgomery,TEX,MIL,SP,,1250000.0,1250000.0,1,2026,spotrac_fa_tracker,SP
Akil Baddoo,MIL,DET,LF,,1250000.0,1250000.0,1,2026,spotrac_fa_tracker,LF
Andy Ibanez,LAD,DET,2B,,1200000.0,1200000.0,1,2026,spotrac_fa_tracker,2B
Kyle Hart,SD,SD,RP,,1200000.0,1200000.0,1,2026,spotrac_fa_tracker,RP
Reese McGuire,CWS,MIL,C,,1200000.0,1200000.0,1,2026,spotrac_fa_tracker,C
Tyler Alexander,TEX,CWS,RP,,1125000.0,1125000.0,1,2026,spotrac_fa_tracker,RP
Ian Hamilton,ATL,NYY,RP,,1050000.0,1050000.0,1,2026,spotrac_fa_tracker,RP
Jorge Mateo,ATL,BAL,SS,,1000000.0,1000000.0,1,2026,spotrac_fa_tracker,SS
Starling Marte,KC,NYM,RF,,1000000.0,1000000.0,1,2026,spotrac_fa_tracker,RF
Alexis Diaz,TEX,ATL,RP,,1000000.0,1000000.0,1,2026,spotrac_fa_tracker,RP
Danny Coulombe,BOS,TEX,RP,,1000000.0,1000000.0,1,2026,spotrac_fa_tracker,RP/SU7
Patrick Corbin,TOR,TEX,SP,,1000000.0,1000000.0,1,2026,spotrac_fa_tracker,SP
Andrew Knizner,SEA,SF,C,,1000000.0,1000000.0,1,2026,spotrac_fa_tracker,C
Richard Lovelady,NYM,NYM,RP,,1000000.0,1000000.0,1,2026,spotrac_fa_tracker,RP
Jake Cousins,LAD,NYY,RP,,950000.0,950000.0,1,2026,spotrac_fa_tracker,RP
Danny Young,ATL,NYM,RP,,925000.0,925000.0,1,2026,spotrac_fa_tracker,RP
Alex Lange,KC,DET,RP,,900000.0,900000.0,1,2026,spotrac_fa_tracker,RP/CL
Zach Pop,PHI,CHC,RP,,900000.0,900000.0,1,2026,spotrac_fa_tracker,RP
Will Brennan,SF,CLE,RF,,900000.0,900000.0,1,2026,spotrac_fa_tracker,RF
Connor Brogdon,CLE,LAA,RP,,900000.0,900000.0,1,2026,spotrac_fa_tracker,RP
Rowan Wick,SF,TOR,RP,,880000.0,880000.0,1,2026,spotrac_fa_tracker,RP
Nick Castellanos,SD,PHI,DH,,780000.0,780000.0,1,2026,spotrac_fa_tracker,DH/RF
Ty Adcock,SD,NYM,RP,,0.0,0.0,1,2026,spotrac_fa_tracker,RP
Yohel Pozo,STL,STL,C,,0.0,0.0,1,2026,spotrac_fa_tracker,C
Daison Acosta,SD,WSH,SP,,0.0,0.0,1,2026,spotrac_fa_tracker,P
Ryan Borucki,SF,CWS,RP,,0.0,0.0,1,2026,spotrac_fa_tracker,RP
