year,mlbam_id,name_savant,name_human,team,pitch_type,pitch_name,pitches_thrown,pitch_usage_pct,pa_against,ba,slg,woba,whiff_pct,k_pct,put_away_pct,est_ba,est_slg,est_woba,hard_hit_pct,run_value_per_100,snapshot_date
2024,642547,"Peralta, Freddy",Freddy Peralta,MIL,FF,4-Seam Fastball,1650,53.8,405,0.239,0.424,0.338,25.2,26.9,19.1,0.23,0.433,0.334,44.1,0.0,2026-06-05
2024,669203,"Burnes, Corbin",Corbin Burnes,BAL,FC,Cutter,1348,45.0,400,0.251,0.362,0.306,19.0,16.0,19.4,0.257,0.392,0.311,31.9,1.3,2026-06-05
2024,669022,"Gore, MacKenzie",MacKenzie Gore,WSH,FF,4-Seam Fastball,1658,55.4,392,0.281,0.418,0.369,22.6,19.9,17.3,0.271,0.431,0.35,40.6,-0.2,2026-06-05
2024,592332,"Gausman, Kevin",Kevin Gausman,TOR,FF,4-Seam Fastball,1488,51.9,391,0.281,0.475,0.359,17.4,16.6,16.8,0.282,0.552,0.385,51.4,0.2,2026-06-05
2024,656302,"Cease, Dylan",Dylan Cease,SD,SL,Slider,1371,43.0,361,0.159,0.257,0.208,44.7,39.1,25.4,0.167,0.271,0.213,34.5,1.8,2026-06-05
2024,668881,"Greene, Hunter",Hunter Greene,CIN,FF,4-Seam Fastball,1415,55.2,358,0.184,0.273,0.266,24.9,28.5,20.6,0.197,0.335,0.29,39.4,1.4,2026-06-05
2024,607074,"Rodón, Carlos",Carlos Rodón,NYY,FF,4-Seam Fastball,1531,49.4,355,0.262,0.514,0.37,21.4,17.2,15.0,0.27,0.568,0.389,50.6,0.0,2026-06-05
2024,684007,"Imanaga, Shota",Shota Imanaga,CHC,FF,4-Seam Fastball,1343,51.9,353,0.23,0.471,0.325,17.7,18.7,17.9,0.235,0.459,0.319,45.3,0.3,2026-06-05
2024,650911,"Sánchez, Cristopher",Cristopher Sánchez,PHI,SI,Sinker,1324,47.3,344,0.345,0.481,0.406,13.1,9.3,12.3,0.337,0.503,0.394,44.1,-0.4,2026-06-05
2024,666142,"Ragans, Cole",Cole Ragans,KC,FF,4-Seam Fastball,1299,41.7,342,0.21,0.349,0.3,23.2,26.3,22.3,0.216,0.366,0.309,40.7,0.8,2026-06-05
2024,664285,"Valdez, Framber",Framber Valdez,HOU,SI,Sinker,1201,46.2,340,0.28,0.411,0.344,11.6,10.3,21.7,0.297,0.464,0.363,51.8,0.8,2026-06-05
2024,571578,"Corbin, Patrick",Patrick Corbin,WSH,SI,Sinker,1030,35.7,336,0.334,0.567,0.414,9.7,13.1,16.9,0.332,0.563,0.41,55.3,-1.9,2026-06-05
2024,680730,"Parker, Mitchell",Mitchell Parker,WSH,FF,4-Seam Fastball,1168,48.6,333,0.276,0.425,0.338,12.0,14.7,15.7,0.279,0.494,0.36,41.4,0.1,2026-06-05
2024,669194,"Nelson, Ryne",Ryne Nelson,AZ,FF,4-Seam Fastball,1341,55.7,328,0.249,0.418,0.32,19.5,28.0,19.8,0.244,0.392,0.307,51.9,0.4,2026-06-05
2024,605135,"Bassitt, Chris",Chris Bassitt,TOR,SI,Sinker,1207,40.8,326,0.326,0.422,0.382,12.8,17.5,18.0,0.299,0.424,0.363,41.2,-0.3,2026-06-05
2024,663903,"Singer, Brady",Brady Singer,KC,SL,Slider,1194,40.3,325,0.207,0.361,0.286,35.4,26.5,21.2,0.246,0.405,0.318,36.2,0.7,2026-06-05
2024,656302,"Cease, Dylan",Dylan Cease,SD,FF,4-Seam Fastball,1386,43.5,324,0.232,0.387,0.342,20.3,19.8,17.2,0.241,0.445,0.358,44.0,0.2,2026-06-05
2024,657006,"Steele, Justin",Justin Steele,CHC,FF,4-Seam Fastball,1221,59.7,324,0.253,0.394,0.334,22.3,21.9,24.3,0.23,0.347,0.294,38.0,0.6,2026-06-05
2024,690986,"Harrison, Kyle",Kyle Harrison,SF,FF,4-Seam Fastball,1196,57.6,321,0.249,0.425,0.332,23.0,24.6,20.4,0.237,0.432,0.328,49.5,-0.2,2026-06-05
2024,663903,"Singer, Brady",Brady Singer,KC,SI,Sinker,1238,41.7,320,0.269,0.39,0.33,12.7,20.0,24.0,0.277,0.437,0.344,46.1,0.8,2026-06-05
2024,657277,"Webb, Logan",Logan Webb,SF,CH,Changeup,990,30.9,319,0.275,0.411,0.322,21.6,17.9,16.4,0.305,0.513,0.372,51.6,0.1,2026-06-05
2024,571760,"Heaney, Andrew",Andrew Heaney,TEX,FF,4-Seam Fastball,1393,51.0,319,0.238,0.415,0.339,21.3,24.8,17.4,0.235,0.437,0.332,44.7,-0.1,2026-06-05
2024,671096,"Abbott, Andrew",Andrew Abbott,CIN,FF,4-Seam Fastball,1249,53.5,317,0.254,0.451,0.36,19.4,18.3,16.1,0.263,0.479,0.371,43.2,-0.7,2026-06-05
2024,450203,"Morton, Charlie",Charlie Morton,ATL,CU,Curveball,1183,42.4,316,0.2,0.309,0.279,34.2,32.3,22.1,0.183,0.273,0.262,31.3,0.2,2026-06-05
2024,657277,"Webb, Logan",Logan Webb,SF,SI,Sinker,1270,39.7,315,0.268,0.338,0.306,14.1,16.5,20.5,0.259,0.375,0.317,44.7,1.4,2026-06-05
2024,661563,"Gil, Luis",Luis Gil,NYY,FF,4-Seam Fastball,1299,48.8,310,0.205,0.395,0.319,28.5,28.4,23.3,0.207,0.375,0.316,42.0,-0.1,2026-06-05
2024,663559,"Falter, Bailey",Bailey Falter,PIT,FF,4-Seam Fastball,1042,48.8,309,0.25,0.409,0.323,16.6,17.2,17.8,0.248,0.431,0.325,33.5,0.2,2026-06-05
2024,605400,"Nola, Aaron",Aaron Nola,PHI,CU,Curveball,1049,32.9,304,0.221,0.381,0.285,37.0,31.3,22.3,0.216,0.351,0.268,33.3,1.2,2026-06-05
2024,579328,"Kikuchi, Yusei",Yusei Kikuchi,HOU,FF,4-Seam Fastball,1374,47.0,303,0.274,0.505,0.351,28.0,27.4,22.0,0.247,0.471,0.327,49.0,-0.1,2026-06-05
2024,542881,"Anderson, Tyler",Tyler Anderson,LAA,CH,Changeup,1082,37.1,302,0.185,0.259,0.246,39.6,24.5,22.4,0.214,0.311,0.273,20.1,1.5,2026-06-05
2024,678394,"Bello, Brayan",Brayan Bello,BOS,SI,Sinker,1093,40.3,301,0.309,0.44,0.385,11.1,14.0,16.3,0.285,0.443,0.371,50.2,-0.6,2026-06-05
2024,622491,"Castillo, Luis",Luis Castillo,SEA,FF,4-Seam Fastball,1295,45.3,300,0.205,0.366,0.28,27.3,31.3,20.9,0.204,0.405,0.295,44.2,0.9,2026-06-05
2024,519242,"Sale, Chris",Chris Sale,ATL,SL,Slider,1135,40.3,298,0.171,0.236,0.21,42.7,41.6,29.0,0.175,0.253,0.216,21.7,2.1,2026-06-05
2024,676979,"Crochet, Garrett",Garrett Crochet,CWS,FF,4-Seam Fastball,1284,53.6,297,0.199,0.296,0.261,31.4,33.7,25.3,0.201,0.346,0.28,39.9,1.7,2026-06-05
2024,656427,"Flaherty, Jack",Jack Flaherty,LAD,FF,4-Seam Fastball,1135,44.2,293,0.245,0.401,0.311,23.9,28.7,25.0,0.252,0.445,0.33,39.8,0.5,2026-06-05
2024,676440,"Bibee, Tanner",Tanner Bibee,CLE,FF,4-Seam Fastball,1236,43.4,292,0.282,0.476,0.364,21.3,19.2,16.0,0.282,0.475,0.346,46.3,-0.7,2026-06-05
2024,650911,"Sánchez, Cristopher",Cristopher Sánchez,PHI,CH,Changeup,998,35.7,292,0.177,0.22,0.208,34.8,31.2,20.9,0.176,0.227,0.197,22.0,1.7,2026-06-05
2024,601713,"Pivetta, Nick",Nick Pivetta,BOS,FF,4-Seam Fastball,1158,48.5,292,0.239,0.399,0.307,21.9,27.7,21.3,0.227,0.418,0.307,46.8,0.8,2026-06-05
2024,656557,"Houck, Tanner",Tanner Houck,BOS,ST,Sweeper,1131,41.4,291,0.23,0.357,0.286,30.2,29.9,23.3,0.218,0.395,0.293,37.2,0.6,2026-06-05
2024,542881,"Anderson, Tyler",Tyler Anderson,LAA,FF,4-Seam Fastball,1155,39.6,289,0.272,0.494,0.376,18.3,15.2,15.2,0.272,0.512,0.373,42.3,-1.1,2026-06-05
2024,543135,"Eovaldi, Nathan",Nathan Eovaldi,TEX,FF,4-Seam Fastball,969,37.0,289,0.212,0.337,0.289,17.9,22.1,17.0,0.235,0.395,0.319,46.1,0.4,2026-06-05
2024,625643,"López, Reynaldo",Reynaldo López,ATL,FF,4-Seam Fastball,1164,55.2,287,0.266,0.369,0.319,16.5,19.9,19.6,0.26,0.42,0.339,47.7,1.3,2026-06-05
2024,554430,"Wheeler, Zack",Zack Wheeler,PHI,FF,4-Seam Fastball,1296,41.4,287,0.21,0.397,0.318,29.6,28.2,20.7,0.202,0.389,0.304,41.3,0.6,2026-06-05
2024,641154,"López, Pablo",Pablo López,MIN,FF,4-Seam Fastball,1205,40.4,287,0.211,0.356,0.284,25.9,25.8,19.6,0.238,0.437,0.32,45.3,1.4,2026-06-05
2024,663623,"Irvin, Jake",Jake Irvin,WSH,FF,4-Seam Fastball,1148,37.7,286,0.205,0.383,0.283,23.6,27.3,17.2,0.211,0.42,0.297,44.7,0.1,2026-06-05
2024,623167,"Flexen, Chris",Chris Flexen,CWS,FF,4-Seam Fastball,1038,37.1,284,0.26,0.472,0.367,13.1,13.4,13.5,0.256,0.524,0.377,48.1,-0.7,2026-06-05
2024,621244,"Berríos, José",José Berríos,TOR,SI,Sinker,973,33.4,283,0.283,0.394,0.343,12.1,13.1,16.7,0.294,0.457,0.362,50.5,0.8,2026-06-05
2024,676664,"Sears, JP",JP Sears,ATH,FF,4-Seam Fastball,1032,36.1,282,0.233,0.482,0.354,25.7,28.7,18.8,0.215,0.455,0.332,48.2,-0.9,2026-06-05
2024,641482,"Cortes, Nestor",Nestor Cortes,NYY,FF,4-Seam Fastball,1266,44.4,277,0.235,0.443,0.317,21.5,23.5,17.4,0.224,0.443,0.312,52.6,0.4,2026-06-05
2024,668678,"Gallen, Zac",Zac Gallen,AZ,FF,4-Seam Fastball,1160,46.3,276,0.282,0.462,0.371,13.1,19.2,18.7,0.274,0.483,0.374,48.4,-0.6,2026-06-05
2024,669923,"Kirby, George",George Kirby,SEA,FF,4-Seam Fastball,1023,34.5,272,0.233,0.473,0.314,28.8,30.1,21.0,0.214,0.445,0.293,36.9,0.3,2026-06-05
2024,682243,"Miller, Bryce",Bryce Miller,SEA,FF,4-Seam Fastball,1157,42.1,271,0.184,0.348,0.264,26.5,24.4,20.0,0.222,0.478,0.325,45.1,1.7,2026-06-05
2024,669302,"Gilbert, Logan",Logan Gilbert,SEA,SL,Slider,982,32.3,267,0.21,0.385,0.291,37.0,25.5,22.4,0.223,0.38,0.277,34.2,1.4,2026-06-05
2024,544150,"Suárez, Albert",Albert Suárez,BAL,FF,4-Seam Fastball,1116,50.0,266,0.276,0.469,0.353,22.8,19.9,14.1,0.247,0.434,0.327,45.2,0.1,2026-06-05
2024,686752,"Pepiot, Ryan",Ryan Pepiot,TB,FF,4-Seam Fastball,1084,50.4,263,0.181,0.33,0.292,31.4,29.3,21.1,0.169,0.354,0.294,43.4,0.7,2026-06-05
2024,641927,"Ober, Bailey",Bailey Ober,MIN,FF,4-Seam Fastball,1028,38.1,262,0.258,0.506,0.355,22.2,22.1,19.7,0.244,0.501,0.355,47.2,0.0,2026-06-05
2024,668964,"Myers, Tobias",Tobias Myers,MIL,FF,4-Seam Fastball,872,40.5,261,0.236,0.43,0.331,19.2,24.9,21.9,0.241,0.47,0.338,44.5,0.2,2026-06-05
2024,572020,"Paxton, James",James Paxton,BOS,FF,4-Seam Fastball,928,54.3,260,0.265,0.433,0.363,14.9,13.1,12.5,0.263,0.441,0.369,43.9,-0.6,2026-06-05
2024,676710,"Crawford, Kutter",Kutter Crawford,BOS,FC,Cutter,905,32.1,260,0.216,0.418,0.33,26.5,16.9,23.3,0.226,0.404,0.315,28.0,0.5,2026-06-05
2024,656288,"Canning, Griffin",Griffin Canning,LAA,FF,4-Seam Fastball,1069,37.3,259,0.251,0.534,0.369,14.8,12.7,12.0,0.269,0.533,0.379,44.4,-1.1,2026-06-05
2024,665871,"Assad, Javier",Javier Assad,CHC,SI,Sinker,899,35.4,257,0.233,0.368,0.329,11.2,19.8,20.2,0.242,0.414,0.337,37.2,0.6,2026-06-05
2024,592332,"Gausman, Kevin",Kevin Gausman,TOR,FS,Split-Finger,959,33.4,257,0.169,0.262,0.236,33.5,31.5,18.7,0.213,0.319,0.272,28.8,0.7,2026-06-05
2024,663372,"Feltner, Ryan",Ryan Feltner,COL,FF,4-Seam Fastball,927,36.0,256,0.247,0.387,0.312,17.0,19.1,18.6,0.262,0.446,0.336,41.2,1.0,2026-06-05
2024,663855,"Hicks, Jordan",Jordan Hicks,SF,SI,Sinker,1009,51.5,255,0.342,0.5,0.408,11.6,9.0,13.7,0.313,0.501,0.388,48.5,-0.5,2026-06-05
2024,657746,"Ryan, Joe",Joe Ryan,MIN,FF,4-Seam Fastball,1019,48.4,255,0.193,0.378,0.276,27.4,31.4,23.4,0.187,0.363,0.268,41.7,1.5,2026-06-05
2024,622663,"Severino, Luis",Luis Severino,NYM,FF,4-Seam Fastball,1030,35.7,253,0.247,0.395,0.322,21.8,24.5,17.3,0.226,0.36,0.301,40.5,-0.2,2026-06-05
2024,593423,"Montas, Frankie",Frankie Montas,MIL,FF,4-Seam Fastball,869,33.0,251,0.206,0.367,0.306,23.2,29.1,18.9,0.222,0.409,0.321,48.0,0.2,2026-06-05
2024,667755,"Soriano, José",José Soriano,LAA,SI,Sinker,808,46.5,250,0.214,0.26,0.282,16.9,8.8,17.3,0.266,0.372,0.336,45.4,2.2,2026-06-05
2024,681293,"Arrighetti, Spencer",Spencer Arrighetti,HOU,FF,4-Seam Fastball,1018,40.6,250,0.302,0.516,0.393,19.9,21.2,17.3,0.27,0.486,0.37,51.8,-0.8,2026-06-05
2024,608331,"Fried, Max",Max Fried,ATL,FF,4-Seam Fastball,892,32.3,247,0.263,0.34,0.334,17.8,15.0,17.3,0.27,0.375,0.34,29.7,0.6,2026-06-05
2024,683155,"Estes, Joey",Joey Estes,ATH,FF,4-Seam Fastball,1039,51.3,247,0.256,0.471,0.339,17.6,13.0,10.6,0.259,0.541,0.365,47.9,0.1,2026-06-05
2024,608379,"Wacha, Michael",Michael Wacha,KC,CH,Changeup,839,32.2,246,0.169,0.312,0.224,34.1,31.7,21.8,0.173,0.31,0.229,26.1,1.7,2026-06-05
2024,500779,"Quintana, Jose",Jose Quintana,NYM,SI,Sinker,857,30.4,246,0.248,0.429,0.34,13.1,16.7,23.6,0.284,0.467,0.373,49.7,0.8,2026-06-05
2024,683003,"Jones, Jared",Jared Jones,PIT,FF,4-Seam Fastball,941,49.2,246,0.224,0.425,0.322,25.8,24.0,22.5,0.233,0.444,0.339,46.5,0.3,2026-06-05
2024,543294,"Hendricks, Kyle",Kyle Hendricks,CHC,CH,Changeup,827,38.7,246,0.267,0.409,0.316,23.9,15.4,13.2,0.242,0.37,0.298,22.4,-0.1,2026-06-05
2024,669302,"Gilbert, Logan",Logan Gilbert,SEA,FF,4-Seam Fastball,935,30.7,245,0.205,0.384,0.28,19.4,17.6,22.1,0.253,0.453,0.328,48.1,1.3,2026-06-05
2024,596295,"Gomber, Austin",Austin Gomber,COL,FF,4-Seam Fastball,1058,40.4,244,0.308,0.602,0.413,9.6,11.1,11.9,0.305,0.625,0.421,52.1,-1.3,2026-06-05
2024,676710,"Crawford, Kutter",Kutter Crawford,BOS,FF,4-Seam Fastball,952,33.7,244,0.255,0.5,0.347,19.8,25.4,19.2,0.236,0.494,0.34,50.9,-0.4,2026-06-05
2024,607192,"Glasnow, Tyler",Tyler Glasnow,LAD,FF,4-Seam Fastball,909,45.2,243,0.215,0.421,0.321,21.5,24.7,27.9,0.199,0.376,0.298,41.9,1.2,2026-06-05
2024,669467,"Pallante, Andre",Andre Pallante,STL,FF,4-Seam Fastball,975,50.4,243,0.227,0.295,0.308,16.4,9.5,12.2,0.257,0.362,0.337,44.3,1.3,2026-06-05
2024,615698,"Quantrill, Cal",Cal Quantrill,COL,FS,Split-Finger,852,32.2,242,0.205,0.31,0.254,23.2,17.4,13.1,0.232,0.361,0.28,33.5,0.0,2026-06-05
2024,671737,"Bradley, Taj",Taj Bradley,TB,FF,4-Seam Fastball,957,41.7,240,0.269,0.5,0.378,21.0,17.1,15.6,0.268,0.567,0.397,48.8,0.0,2026-06-05
2024,687765,"Spence, Mitch",Mitch Spence,ATH,FC,Cutter,981,39.6,240,0.278,0.472,0.364,17.6,14.2,15.1,0.249,0.421,0.336,45.5,-0.2,2026-06-05
2024,684007,"Imanaga, Shota",Shota Imanaga,CHC,FS,Split-Finger,797,30.8,237,0.203,0.281,0.243,43.0,34.6,26.3,0.214,0.323,0.243,29.3,1.5,2026-06-05
2024,519242,"Sale, Chris",Chris Sale,ATL,FF,4-Seam Fastball,1076,38.2,236,0.271,0.421,0.332,23.9,33.1,22.2,0.23,0.384,0.301,44.9,0.4,2026-06-05
2024,607074,"Rodón, Carlos",Carlos Rodón,NYY,SL,Slider,805,26.0,236,0.199,0.361,0.274,39.3,43.2,24.5,0.158,0.268,0.227,27.0,-0.3,2026-06-05
2024,650633,"King, Michael",Michael King,SD,CH,Changeup,713,24.6,236,0.207,0.286,0.265,36.2,28.0,23.7,0.214,0.278,0.257,19.9,1.3,2026-06-05
2024,686613,"Brown, Hunter",Hunter Brown,HOU,FF,4-Seam Fastball,1011,35.0,235,0.249,0.423,0.337,29.5,35.7,23.3,0.218,0.368,0.294,43.4,0.1,2026-06-05
2024,570632,"Ureña, José",José Ureña,TEX,SI,Sinker,737,41.9,234,0.271,0.371,0.334,11.9,8.5,11.2,0.287,0.452,0.356,51.0,0.6,2026-06-05
2024,624133,"Suarez, Ranger",Ranger Suarez,PHI,SI,Sinker,739,31.4,234,0.27,0.381,0.324,10.1,20.9,25.8,0.261,0.361,0.305,42.3,0.6,2026-06-05
2024,669373,"Skubal, Tarik",Tarik Skubal,DET,CH,Changeup,767,27.0,233,0.209,0.311,0.255,46.4,35.2,30.8,0.202,0.304,0.23,27.6,1.0,2026-06-05
2024,669373,"Skubal, Tarik",Tarik Skubal,DET,FF,4-Seam Fastball,941,33.2,233,0.197,0.286,0.25,27.7,32.2,24.5,0.196,0.321,0.263,36.7,2.1,2026-06-05
2024,641793,"Littell, Zack",Zack Littell,TB,SL,Slider,866,34.8,232,0.257,0.427,0.321,22.7,18.1,24.4,0.259,0.463,0.334,31.8,1.1,2026-06-05
2024,669854,"Blanco, Ronel",Ronel Blanco,HOU,SL,Slider,830,30.2,231,0.18,0.284,0.24,33.3,23.8,19.7,0.229,0.356,0.288,31.9,2.1,2026-06-05
2024,670102,"Francis, Bowden",Bowden Francis,TOR,FF,4-Seam Fastball,799,51.3,231,0.174,0.371,0.271,18.5,20.3,19.6,0.214,0.441,0.308,39.5,1.9,2026-06-05
2024,579328,"Kikuchi, Yusei",Yusei Kikuchi,HOU,SL,Slider,701,24.0,230,0.207,0.276,0.284,29.7,27.8,23.4,0.238,0.358,0.315,45.0,1.3,2026-06-05
2024,573186,"Stroman, Marcus",Marcus Stroman,NYY,SI,Sinker,936,35.2,230,0.304,0.464,0.404,12.4,10.9,13.7,0.286,0.44,0.371,44.4,-0.6,2026-06-05
2024,656288,"Canning, Griffin",Griffin Canning,LAA,CH,Changeup,765,26.7,229,0.259,0.387,0.318,28.8,16.6,17.4,0.245,0.381,0.299,36.9,0.6,2026-06-05
2024,641482,"Cortes, Nestor",Nestor Cortes,NYY,FC,Cutter,798,28.0,229,0.249,0.378,0.307,25.1,19.7,22.4,0.258,0.398,0.314,37.3,1.1,2026-06-05
2024,607200,"Fedde, Erick",Erick Fedde,STL,FC,Cutter,934,32.3,229,0.262,0.47,0.346,23.2,19.7,18.4,0.252,0.443,0.336,34.2,0.6,2026-06-05
2024,694297,"Pfaadt, Brandon",Brandon Pfaadt,AZ,FF,4-Seam Fastball,931,33.3,228,0.263,0.463,0.347,22.4,18.4,17.3,0.273,0.515,0.371,48.8,0.7,2026-06-05
2024,656557,"Houck, Tanner",Tanner Houck,BOS,SI,Sinker,879,32.1,228,0.271,0.327,0.336,13.8,15.8,19.1,0.317,0.461,0.387,47.6,0.4,2026-06-05
2024,663623,"Irvin, Jake",Jake Irvin,WSH,CU,Curveball,952,31.3,225,0.226,0.42,0.305,25.1,21.3,15.8,0.241,0.421,0.305,34.5,0.0,2026-06-05
2024,621244,"Berríos, José",José Berríos,TOR,SV,Slurve,832,28.6,225,0.188,0.404,0.277,31.0,31.6,23.2,0.213,0.411,0.291,33.8,-0.1,2026-06-05
2024,640455,"Manaea, Sean",Sean Manaea,NYM,FF,4-Seam Fastball,928,31.0,225,0.163,0.317,0.258,25.8,28.4,19.3,0.212,0.395,0.299,38.8,1.1,2026-06-05
2024,680573,"Woods Richardson, Simeon",Simeon Woods Richardson,MIN,FF,4-Seam Fastball,924,40.3,224,0.258,0.356,0.32,21.9,22.3,18.4,0.224,0.407,0.323,41.8,0.8,2026-06-05
2024,663362,"Waldron, Matt",Matt Waldron,SD,KN,Knuckleball,936,38.2,223,0.246,0.394,0.307,27.5,30.5,20.6,0.226,0.347,0.283,28.3,-1.1,2026-06-05
2024,650644,"Civale, Aaron",Aaron Civale,MIL,FC,Cutter,869,32.2,223,0.232,0.394,0.322,23.3,18.8,21.6,0.247,0.402,0.319,36.6,1.1,2026-06-05
2024,641927,"Ober, Bailey",Bailey Ober,MIN,CH,Changeup,792,29.4,223,0.154,0.285,0.212,39.5,37.7,26.0,0.165,0.27,0.21,22.1,2.0,2026-06-05
2024,527048,"Pérez, Martín",Martín Pérez,SD,SI,Sinker,806,36.6,223,0.282,0.395,0.345,9.7,10.3,12.2,0.286,0.459,0.367,44.8,0.1,2026-06-05
2024,607200,"Fedde, Erick",Erick Fedde,STL,SI,Sinker,881,30.5,223,0.257,0.366,0.305,20.2,24.2,20.1,0.275,0.429,0.337,53.3,0.3,2026-06-05
2024,687765,"Spence, Mitch",Mitch Spence,ATH,SL,Slider,810,32.7,222,0.278,0.493,0.353,27.6,22.1,19.3,0.243,0.46,0.329,36.9,0.0,2026-06-05
2024,543294,"Hendricks, Kyle",Kyle Hendricks,CHC,SI,Sinker,757,35.5,221,0.333,0.493,0.382,10.6,10.4,14.0,0.32,0.483,0.38,42.2,-0.6,2026-06-05
2024,680570,"Rodriguez, Grayson",Grayson Rodriguez,BAL,FF,4-Seam Fastball,896,47.7,220,0.287,0.41,0.352,27.0,24.1,19.1,0.238,0.392,0.32,40.8,-0.1,2026-06-05
2024,694297,"Pfaadt, Brandon",Brandon Pfaadt,AZ,ST,Sweeper,763,27.3,219,0.215,0.455,0.292,36.2,35.2,23.2,0.192,0.36,0.248,31.6,-0.3,2026-06-05
2024,669854,"Blanco, Ronel",Ronel Blanco,HOU,FF,4-Seam Fastball,1055,38.3,219,0.232,0.497,0.371,19.2,16.9,14.8,0.265,0.582,0.409,45.9,-0.4,2026-06-05
2024,622663,"Severino, Luis",Luis Severino,NYM,SI,Sinker,711,24.6,218,0.274,0.411,0.335,12.0,5.5,12.6,0.288,0.463,0.359,31.4,0.9,2026-06-05
2024,458681,"Lynn, Lance",Lance Lynn,STL,FF,4-Seam Fastball,964,47.3,217,0.196,0.392,0.28,28.7,28.1,22.3,0.232,0.499,0.329,48.6,0.9,2026-06-05
2024,656557,"Houck, Tanner",Tanner Houck,BOS,FS,Split-Finger,682,24.9,215,0.194,0.264,0.235,21.0,14.4,17.0,0.245,0.331,0.279,41.3,1.8,2026-06-05
2024,607067,"Rea, Colin",Colin Rea,MIL,SI,Sinker,818,30.9,214,0.295,0.477,0.374,11.2,11.7,15.6,0.3,0.523,0.384,50.9,-0.3,2026-06-05
2024,657612,"Hill, Tim",Tim Hill,NYY,SI,Sinker,675,68.7,213,0.289,0.304,0.31,8.8,6.1,9.2,0.269,0.332,0.306,40.2,1.2,2026-06-05
2024,434378,"Verlander, Justin",Justin Verlander,HOU,FF,4-Seam Fastball,767,48.5,213,0.299,0.497,0.372,20.2,17.4,18.5,0.236,0.429,0.324,41.6,-0.7,2026-06-05
2024,594902,"Lively, Ben",Ben Lively,CLE,SI,Sinker,717,29.8,213,0.218,0.381,0.299,13.6,25.4,19.2,0.206,0.368,0.282,44.8,0.4,2026-06-05
2024,571578,"Corbin, Patrick",Patrick Corbin,WSH,SL,Slider,989,34.2,212,0.218,0.337,0.275,35.7,25.5,17.2,0.213,0.338,0.278,32.4,0.4,2026-06-05
2024,571760,"Heaney, Andrew",Andrew Heaney,TEX,SL,Slider,744,27.2,211,0.264,0.391,0.318,36.7,28.0,22.6,0.244,0.425,0.315,41.7,-0.2,2026-06-05
2024,694973,"Skenes, Paul",Paul Skenes,PIT,FF,4-Seam Fastball,834,39.2,210,0.23,0.351,0.292,24.2,37.6,21.8,0.2,0.336,0.272,48.7,0.8,2026-06-05
2024,656629,"Kopech, Michael",Michael Kopech,LAD,FF,4-Seam Fastball,896,78.4,209,0.183,0.326,0.291,34.0,34.0,26.7,0.183,0.341,0.292,42.1,0.6,2026-06-05
2024,621107,"Eflin, Zach",Zach Eflin,BAL,SI,Sinker,706,28.9,208,0.29,0.4,0.326,13.8,15.9,19.5,0.266,0.386,0.302,47.3,0.5,2026-06-05
2024,693433,"Woo, Bryan",Bryan Woo,SEA,FF,4-Seam Fastball,837,48.8,207,0.214,0.352,0.26,27.5,26.1,18.6,0.226,0.396,0.284,38.2,1.6,2026-06-05
2024,668881,"Greene, Hunter",Hunter Greene,CIN,SL,Slider,886,34.6,206,0.162,0.302,0.259,39.2,28.6,20.9,0.166,0.278,0.256,22.3,0.8,2026-06-05
2024,664285,"Valdez, Framber",Framber Valdez,HOU,CU,Curveball,813,31.3,205,0.121,0.187,0.191,39.8,44.9,25.6,0.132,0.189,0.199,35.9,1.8,2026-06-05
2024,686799,"Kochanowicz, Jack",Jack Kochanowicz,LAA,SI,Sinker,624,72.6,205,0.29,0.43,0.353,12.0,4.9,8.0,0.301,0.47,0.354,44.6,0.1,2026-06-05
2024,671922,"Smith, Cade",Cade Smith,CLE,FF,4-Seam Fastball,806,69.1,203,0.174,0.253,0.215,30.4,39.9,31.4,0.187,0.313,0.248,46.4,3.0,2026-06-05
2024,694297,"Pfaadt, Brandon",Brandon Pfaadt,AZ,SI,Sinker,619,22.2,203,0.288,0.366,0.332,11.9,23.6,27.0,0.256,0.346,0.292,37.1,-0.3,2026-06-05
2024,669923,"Kirby, George",George Kirby,SEA,SI,Sinker,686,23.1,203,0.253,0.34,0.288,10.5,12.3,13.7,0.257,0.394,0.303,39.6,1.6,2026-06-05
2024,680767,"Vodnik, Victor",Victor Vodnik,COL,FF,4-Seam Fastball,848,63.2,203,0.291,0.451,0.377,18.2,17.7,14.9,0.286,0.488,0.385,51.1,-0.5,2026-06-05
2024,571945,"Mikolas, Miles",Miles Mikolas,STL,SI,Sinker,623,23.0,202,0.23,0.374,0.293,10.5,15.8,15.6,0.25,0.426,0.322,41.7,1.4,2026-06-05
2024,656222,"Beeks, Jalen",Jalen Beeks,PIT,FF,4-Seam Fastball,658,55.5,202,0.282,0.379,0.342,16.2,15.3,18.3,0.236,0.39,0.315,40.3,0.5,2026-06-05
2024,605400,"Nola, Aaron",Aaron Nola,PHI,FF,4-Seam Fastball,883,27.7,201,0.167,0.316,0.269,23.0,24.9,18.4,0.187,0.331,0.285,39.2,1.0,2026-06-05
2024,592351,"Gray, Jon",Jon Gray,TEX,FF,4-Seam Fastball,720,44.4,201,0.311,0.443,0.36,15.0,15.9,14.4,0.301,0.504,0.376,51.0,-0.5,2026-06-05
2024,661403,"Clase, Emmanuel",Emmanuel Clase,CLE,FC,Cutter,765,77.8,201,0.15,0.209,0.194,24.5,20.9,21.0,0.222,0.304,0.26,30.4,3.1,2026-06-05
2024,554430,"Wheeler, Zack",Zack Wheeler,PHI,SI,Sinker,597,19.0,200,0.188,0.258,0.225,14.4,22.0,27.5,0.21,0.296,0.252,31.3,2.8,2026-06-05
2024,502043,"Gibson, Kyle",Kyle Gibson,STL,SI,Sinker,730,26.4,199,0.267,0.422,0.342,9.2,16.1,19.4,0.283,0.445,0.354,47.7,-0.4,2026-06-05
2024,656605,"Keller, Mitch",Mitch Keller,PIT,SI,Sinker,645,22.6,199,0.259,0.385,0.331,12.8,19.6,22.8,0.218,0.355,0.299,44.9,-0.3,2026-06-05
2024,450203,"Morton, Charlie",Charlie Morton,ATL,FF,4-Seam Fastball,798,28.6,199,0.277,0.509,0.377,19.5,24.6,18.9,0.265,0.501,0.37,48.0,-1.1,2026-06-05
2024,663474,"McKenzie, Triston",Triston McKenzie,CLE,FF,4-Seam Fastball,683,52.4,198,0.303,0.652,0.471,10.3,11.1,16.2,0.299,0.669,0.465,48.5,-2.3,2026-06-05
2024,543135,"Eovaldi, Nathan",Nathan Eovaldi,TEX,FS,Split-Finger,808,30.8,198,0.2,0.286,0.237,36.8,27.8,23.3,0.229,0.332,0.276,43.9,1.6,2026-06-05
2024,680573,"Woods Richardson, Simeon",Simeon Woods Richardson,MIN,SL,Slider,716,31.2,198,0.214,0.313,0.257,23.9,20.7,14.3,0.229,0.376,0.294,27.1,1.1,2026-06-05
2024,668933,"Ashcraft, Graham",Graham Ashcraft,CIN,FC,Cutter,652,48.6,197,0.329,0.52,0.436,16.6,11.2,14.8,0.314,0.497,0.394,44.4,-1.5,2026-06-05
2024,678394,"Bello, Brayan",Brayan Bello,BOS,CH,Changeup,730,26.9,197,0.177,0.354,0.271,36.9,26.9,23.5,0.211,0.373,0.29,30.2,0.0,2026-06-05
2024,666142,"Ragans, Cole",Cole Ragans,KC,CH,Changeup,740,23.7,197,0.183,0.28,0.26,47.8,31.0,25.2,0.182,0.275,0.255,21.9,1.1,2026-06-05
2024,543243,"Gray, Sonny",Sonny Gray,STL,ST,Sweeper,501,20.2,196,0.142,0.205,0.182,44.4,57.1,27.9,0.147,0.26,0.19,26.9,1.1,2026-06-05
2024,668678,"Gallen, Zac",Zac Gallen,AZ,CU,Curveball,695,27.7,196,0.148,0.23,0.207,39.2,38.8,25.2,0.173,0.238,0.214,30.6,2.2,2026-06-05
2024,592351,"Gray, Jon",Jon Gray,TEX,SL,Slider,711,43.9,194,0.213,0.344,0.27,33.4,25.3,21.6,0.237,0.379,0.288,33.1,1.2,2026-06-05
2024,623352,"Hader, Josh",Josh Hader,HOU,SI,Sinker,832,71.4,194,0.192,0.372,0.291,32.5,35.1,23.9,0.168,0.328,0.262,37.1,0.3,2026-06-05
2024,683003,"Jones, Jared",Jared Jones,PIT,SL,Slider,667,34.9,193,0.207,0.352,0.278,37.3,31.1,25.2,0.202,0.33,0.265,40.3,1.0,2026-06-05
2024,687792,"Herz, DJ",DJ Herz,WSH,FF,4-Seam Fastball,860,54.2,193,0.222,0.317,0.302,30.5,32.1,22.7,0.193,0.335,0.287,41.5,1.0,2026-06-05
2024,640455,"Manaea, Sean",Sean Manaea,NYM,SI,Sinker,752,25.1,193,0.231,0.337,0.312,19.6,19.2,18.5,0.269,0.485,0.369,51.5,1.3,2026-06-05
2024,661563,"Gil, Luis",Luis Gil,NYY,SL,Slider,691,25.9,193,0.171,0.312,0.263,31.4,29.0,23.6,0.191,0.345,0.285,33.3,1.3,2026-06-05
2024,656605,"Keller, Mitch",Mitch Keller,PIT,FF,4-Seam Fastball,840,29.5,192,0.26,0.416,0.336,23.8,25.5,19.1,0.239,0.415,0.324,40.0,0.4,2026-06-05
2024,656427,"Flaherty, Jack",Jack Flaherty,LAD,SL,Slider,746,29.0,192,0.222,0.455,0.331,36.3,27.1,20.8,0.217,0.391,0.294,36.8,-0.3,2026-06-05
2024,663623,"Irvin, Jake",Jake Irvin,WSH,SI,Sinker,632,20.7,190,0.324,0.494,0.403,15.2,11.6,15.8,0.317,0.483,0.386,39.2,-1.2,2026-06-05
2024,596295,"Gomber, Austin",Austin Gomber,COL,CU,Curveball,587,22.4,190,0.22,0.368,0.272,26.9,28.9,19.2,0.227,0.37,0.268,33.3,0.1,2026-06-05
2024,502043,"Gibson, Kyle",Kyle Gibson,STL,ST,Sweeper,569,20.6,189,0.201,0.314,0.259,41.3,37.0,25.8,0.196,0.291,0.254,26.2,1.0,2026-06-05
2024,641540,"Dunning, Dane",Dane Dunning,TEX,SI,Sinker,639,37.8,189,0.274,0.439,0.363,13.2,16.4,16.4,0.291,0.522,0.392,55.6,0.2,2026-06-05
2024,605400,"Nola, Aaron",Aaron Nola,PHI,SI,Sinker,656,20.6,188,0.315,0.478,0.357,12.8,20.2,22.9,0.274,0.443,0.327,44.7,0.0,2026-06-05
2024,656756,"Montgomery, Jordan",Jordan Montgomery,AZ,SI,Sinker,597,30.9,188,0.376,0.582,0.447,15.8,7.4,13.1,0.349,0.553,0.427,45.1,-1.9,2026-06-05
2024,650633,"King, Michael",Michael King,SD,SI,Sinker,806,27.8,188,0.2,0.376,0.293,18.9,27.7,24.6,0.222,0.41,0.311,38.1,0.5,2026-06-05
2024,607625,"Lugo, Seth",Seth Lugo,KC,FF,4-Seam Fastball,746,24.0,188,0.233,0.39,0.302,17.9,22.3,19.1,0.245,0.449,0.331,43.1,0.9,2026-06-05
2024,623167,"Flexen, Chris",Chris Flexen,CWS,FC,Cutter,732,26.2,187,0.323,0.539,0.405,21.6,11.8,13.8,0.293,0.501,0.378,36.7,-1.1,2026-06-05
2024,657044,"Thompson, Ryan",Ryan Thompson,AZ,SI,Sinker,627,64.2,187,0.267,0.401,0.314,17.4,9.6,16.4,0.279,0.431,0.341,49.0,1.0,2026-06-05
2024,643511,"Rogers, Tyler",Tyler Rogers,SF,SI,Sinker,640,63.9,187,0.244,0.333,0.291,15.6,13.9,16.3,0.249,0.337,0.272,35.9,1.7,2026-06-05
2024,663546,"Hjelle, Sean",Sean Hjelle,SF,SI,Sinker,671,55.5,186,0.318,0.438,0.351,11.2,14.5,20.0,0.28,0.425,0.324,39.7,0.8,2026-06-05
2024,671737,"Bradley, Taj",Taj Bradley,TB,FS,Split-Finger,616,26.9,186,0.213,0.32,0.27,33.0,37.1,25.6,0.191,0.284,0.249,37.9,0.7,2026-06-05
2024,677944,"Cecconi, Slade",Slade Cecconi,AZ,FF,4-Seam Fastball,708,54.9,185,0.329,0.582,0.408,16.4,19.5,16.5,0.265,0.502,0.357,41.2,-1.1,2026-06-05
2024,650556,"Abreu, Bryan",Bryan Abreu,HOU,SL,Slider,690,53.1,185,0.166,0.227,0.244,39.4,37.3,29.0,0.166,0.246,0.246,29.5,1.3,2026-06-05
2024,607625,"Lugo, Seth",Seth Lugo,KC,SI,Sinker,576,18.5,184,0.274,0.381,0.334,12.9,13.0,18.6,0.282,0.44,0.342,39.7,0.7,2026-06-05
2024,676979,"Crochet, Garrett",Garrett Crochet,CWS,FC,Cutter,683,28.5,183,0.268,0.458,0.345,33.4,32.8,29.4,0.229,0.411,0.283,42.9,0.0,2026-06-05
2024,663554,"Mize, Casey",Casey Mize,DET,FF,4-Seam Fastball,684,38.2,183,0.3,0.424,0.365,20.7,19.7,14.7,0.273,0.46,0.339,46.7,-0.4,2026-06-05
2024,572955,"Johnson, Pierce",Pierce Johnson,ATL,CU,Curveball,656,71.6,183,0.243,0.396,0.321,28.1,28.4,26.5,0.224,0.402,0.3,41.0,0.2,2026-06-05
2024,625643,"López, Reynaldo",Reynaldo López,ATL,SL,Slider,620,29.4,182,0.167,0.256,0.22,44.5,40.7,27.7,0.199,0.31,0.257,39.6,1.6,2026-06-05
2024,621107,"Eflin, Zach",Zach Eflin,BAL,FC,Cutter,691,28.2,182,0.214,0.345,0.276,22.3,20.9,25.5,0.238,0.445,0.321,41.2,1.6,2026-06-05
2024,656288,"Canning, Griffin",Griffin Canning,LAA,SL,Slider,690,24.1,182,0.284,0.444,0.354,33.1,26.9,20.9,0.248,0.401,0.318,44.3,-0.9,2026-06-05
2024,543037,"Cole, Gerrit",Gerrit Cole,NYY,FF,4-Seam Fastball,697,45.4,181,0.184,0.361,0.294,23.5,30.4,22.7,0.186,0.374,0.296,36.9,0.7,2026-06-05
2024,641755,"Kinley, Tyler",Tyler Kinley,COL,SL,Slider,745,62.9,181,0.2,0.438,0.318,41.3,35.9,23.7,0.188,0.342,0.273,26.3,-0.1,2026-06-05
2024,669854,"Blanco, Ronel",Ronel Blanco,HOU,CH,Changeup,608,22.1,180,0.188,0.356,0.285,34.3,32.2,23.7,0.192,0.299,0.262,29.8,-0.2,2026-06-05
2024,657006,"Steele, Justin",Justin Steele,CHC,SL,Slider,608,29.7,180,0.16,0.243,0.201,28.2,31.7,21.3,0.183,0.268,0.222,26.7,1.2,2026-06-05
2024,669211,"Akin, Keegan",Keegan Akin,BAL,FF,4-Seam Fastball,695,56.0,180,0.215,0.392,0.291,28.1,30.0,24.4,0.185,0.354,0.275,41.8,1.0,2026-06-05
2024,687330,"Kelly, Kevin",Kevin Kelly,TB,SI,Sinker,635,61.5,179,0.255,0.376,0.304,13.9,16.8,18.8,0.26,0.401,0.315,43.5,1.6,2026-06-05
2024,663158,"Suarez, Robert",Robert Suarez,SD,FF,4-Seam Fastball,679,69.5,179,0.216,0.335,0.278,25.4,27.4,22.3,0.206,0.352,0.268,40.3,1.5,2026-06-05
2024,664875,"Lawrence, Justin",Justin Lawrence,COL,SI,Sinker,629,58.2,178,0.392,0.629,0.493,16.5,6.2,11.0,0.349,0.553,0.445,50.0,-2.8,2026-06-05
2024,592791,"Taillon, Jameson",Jameson Taillon,CHC,FF,4-Seam Fastball,732,29.5,177,0.291,0.503,0.363,14.7,15.8,13.1,0.3,0.567,0.388,49.6,0.0,2026-06-05
2024,445276,"Jansen, Kenley",Kenley Jansen,BOS,FC,Cutter,674,84.1,177,0.21,0.344,0.283,28.4,28.2,26.5,0.211,0.396,0.301,39.1,0.9,2026-06-05
2024,678394,"Bello, Brayan",Brayan Bello,BOS,ST,Sweeper,753,27.8,176,0.269,0.404,0.336,34.4,28.4,22.4,0.26,0.399,0.331,37.6,-0.6,2026-06-05
2024,640448,"Finnegan, Kyle",Kyle Finnegan,WSH,FF,4-Seam Fastball,721,67.6,176,0.286,0.429,0.347,19.9,19.9,13.7,0.283,0.442,0.345,48.4,-0.1,2026-06-05
2024,641154,"López, Pablo",Pablo López,MIN,ST,Sweeper,654,21.9,176,0.239,0.436,0.321,33.1,33.0,21.6,0.194,0.338,0.26,35.5,-0.4,2026-06-05
2024,676664,"Sears, JP",JP Sears,ATH,ST,Sweeper,710,24.9,176,0.239,0.387,0.289,21.0,18.2,15.4,0.227,0.42,0.295,36.3,0.3,2026-06-05
2024,502085,"Robertson, David",David Robertson,TEX,FC,Cutter,768,63.4,175,0.163,0.209,0.239,30.8,37.7,27.0,0.176,0.267,0.253,39.8,2.2,2026-06-05
2024,669373,"Skubal, Tarik",Tarik Skubal,DET,SI,Sinker,584,20.6,174,0.207,0.305,0.245,16.0,24.7,23.6,0.21,0.313,0.252,36.9,1.5,2026-06-05
2024,663432,"Rainey, Tanner",Tanner Rainey,WSH,FF,4-Seam Fastball,666,70.9,174,0.255,0.49,0.376,19.7,16.1,14.7,0.233,0.535,0.376,44.3,-0.5,2026-06-05
2024,679525,"Marsh, Alec",Alec Marsh,KC,FF,4-Seam Fastball,799,37.0,173,0.197,0.375,0.304,22.0,28.3,20.6,0.209,0.411,0.316,37.9,0.4,2026-06-05
2024,663687,"Harris, Hogan",Hogan Harris,ATH,FF,4-Seam Fastball,679,56.0,172,0.262,0.411,0.365,17.0,16.9,14.9,0.304,0.545,0.42,47.8,0.1,2026-06-05
2024,571945,"Mikolas, Miles",Miles Mikolas,STL,SL,Slider,656,24.3,171,0.301,0.506,0.356,16.7,16.4,15.1,0.304,0.471,0.342,40.3,-0.6,2026-06-05
2024,665152,"Kremer, Dean",Dean Kremer,BAL,FF,4-Seam Fastball,700,32.2,170,0.247,0.5,0.375,23.1,26.5,20.1,0.242,0.546,0.378,46.1,-0.7,2026-06-05
2024,601713,"Pivetta, Nick",Nick Pivetta,BOS,ST,Sweeper,613,25.7,170,0.22,0.415,0.276,35.1,35.3,24.4,0.188,0.332,0.232,27.4,-0.4,2026-06-05
2024,656849,"Peterson, David",David Peterson,NYM,SI,Sinker,585,31.3,170,0.253,0.36,0.331,15.8,11.8,21.5,0.29,0.432,0.359,43.5,1.1,2026-06-05
2024,681911,"Vesia, Alex",Alex Vesia,LAD,FF,4-Seam Fastball,700,63.1,170,0.15,0.357,0.295,28.4,28.8,21.0,0.16,0.409,0.312,40.9,1.1,2026-06-05
2024,676440,"Bibee, Tanner",Tanner Bibee,CLE,FC,Cutter,736,25.8,170,0.144,0.235,0.225,36.2,31.8,23.0,0.176,0.293,0.251,26.5,1.9,2026-06-05
2024,671106,"Allen, Logan",Logan Allen,CLE,FF,4-Seam Fastball,622,37.4,169,0.322,0.559,0.4,14.6,15.4,16.6,0.293,0.537,0.387,50.0,-1.6,2026-06-05
2024,571945,"Mikolas, Miles",Miles Mikolas,STL,FF,4-Seam Fastball,755,27.9,168,0.295,0.455,0.357,17.8,13.7,10.4,0.272,0.492,0.346,52.6,0.0,2026-06-05
2024,592791,"Taillon, Jameson",Jameson Taillon,CHC,FC,Cutter,622,25.1,168,0.252,0.31,0.277,19.1,14.3,23.8,0.262,0.413,0.319,36.1,2.4,2026-06-05
2024,621389,"Blach, Ty",Ty Blach,COL,SI,Sinker,576,50.8,168,0.388,0.684,0.486,9.0,11.3,14.3,0.338,0.668,0.449,45.2,-3.6,2026-06-05
2024,518886,"Kimbrel, Craig",Craig Kimbrel,BAL,FF,4-Seam Fastball,633,65.7,167,0.203,0.421,0.34,28.9,32.9,27.8,0.206,0.412,0.34,46.9,-0.1,2026-06-05
2024,663978,"Paddack, Chris",Chris Paddack,MIN,FF,4-Seam Fastball,626,42.9,166,0.277,0.4,0.317,24.3,28.3,24.4,0.246,0.394,0.303,48.6,0.7,2026-06-05
2024,672456,"Montero, Keider",Keider Montero,DET,FF,4-Seam Fastball,638,41.5,166,0.272,0.49,0.367,18.0,17.5,16.5,0.312,0.52,0.395,49.2,0.1,2026-06-05
2024,641154,"López, Pablo",Pablo López,MIN,CH,Changeup,599,20.1,166,0.281,0.359,0.309,24.9,19.9,18.3,0.26,0.355,0.301,24.8,-0.1,2026-06-05
2024,500779,"Quintana, Jose",Jose Quintana,NYM,CU,Curveball,616,21.9,165,0.265,0.444,0.34,26.4,19.4,19.4,0.268,0.43,0.334,33.3,-0.5,2026-06-05
2024,605483,"Snell, Blake",Blake Snell,SF,FF,4-Seam Fastball,821,46.3,165,0.201,0.306,0.284,24.4,24.8,20.9,0.193,0.347,0.295,33.0,1.0,2026-06-05
2024,641793,"Littell, Zack",Zack Littell,TB,FS,Split-Finger,576,23.2,164,0.258,0.423,0.299,34.4,29.3,18.3,0.242,0.379,0.271,37.4,-0.9,2026-06-05
2024,669432,"Rogers, Trevor",Trevor Rogers,BAL,FF,4-Seam Fastball,711,31.7,163,0.252,0.467,0.348,23.3,23.3,17.4,0.233,0.502,0.355,48.5,-0.2,2026-06-05
2024,666157,"Lodolo, Nick",Nick Lodolo,CIN,SI,Sinker,532,28.6,162,0.27,0.438,0.37,17.3,9.9,18.2,0.265,0.408,0.353,38.0,0.6,2026-06-05
2024,676254,"Walker, Ryan",Ryan Walker,SF,SI,Sinker,667,54.7,162,0.201,0.264,0.267,18.8,26.5,22.3,0.209,0.321,0.281,37.3,1.8,2026-06-05
2024,656945,"Scott, Tanner",Tanner Scott,SD,FF,4-Seam Fastball,688,59.2,162,0.134,0.179,0.231,28.9,29.0,21.1,0.183,0.26,0.275,28.9,2.0,2026-06-05
2024,622491,"Castillo, Luis",Luis Castillo,SEA,SI,Sinker,516,18.1,162,0.295,0.456,0.371,10.5,11.7,16.2,0.299,0.453,0.357,42.3,-0.6,2026-06-05
2024,613534,"Adams, Austin",Austin Adams,ATH,SL,Slider,594,73.8,161,0.246,0.346,0.341,39.3,32.3,24.9,0.197,0.272,0.297,27.5,-0.3,2026-06-05
2024,674003,"Bradford, Cody",Cody Bradford,TEX,FF,4-Seam Fastball,615,52.3,161,0.185,0.344,0.255,21.3,23.6,19.1,0.214,0.394,0.283,37.7,2.1,2026-06-05
2024,668909,"Williams, Gavin",Gavin Williams,CLE,FF,4-Seam Fastball,704,51.5,161,0.286,0.421,0.362,22.0,18.0,14.6,0.275,0.457,0.359,41.6,0.0,2026-06-05
2024,669923,"Kirby, George",George Kirby,SEA,ST,Sweeper,703,23.7,161,0.221,0.312,0.249,26.9,23.0,22.7,0.233,0.394,0.291,31.9,1.5,2026-06-05
2024,682847,"Ortiz, Luis",Luis Ortiz,PIT,SI,Sinker,553,25.8,160,0.232,0.362,0.327,12.9,5.6,11.4,0.28,0.473,0.375,44.3,0.8,2026-06-05
2024,647315,"Pop, Zach",Zach Pop,TOR,SI,Sinker,540,72.7,159,0.254,0.415,0.363,21.8,16.4,20.6,0.278,0.454,0.36,50.4,-0.5,2026-06-05
2024,621237,"Alvarado, José",José Alvarado,PHI,SI,Sinker,623,59.2,159,0.255,0.416,0.346,16.2,10.7,13.6,0.294,0.477,0.383,43.0,0.2,2026-06-05
2024,669432,"Rogers, Trevor",Trevor Rogers,BAL,SI,Sinker,543,24.2,159,0.295,0.492,0.377,10.0,12.6,15.9,0.315,0.507,0.411,47.9,-1.2,2026-06-05
2024,670280,"Bednar, David",David Bednar,PIT,FF,4-Seam Fastball,568,55.5,158,0.256,0.459,0.377,24.1,18.4,16.7,0.241,0.486,0.366,42.5,-0.9,2026-06-05
2024,686563,"Cannon, Jonathan",Jonathan Cannon,CWS,SI,Sinker,568,28.0,157,0.287,0.449,0.371,13.2,12.1,16.7,0.306,0.491,0.394,52.5,0.3,2026-06-05
2024,669060,"Wilson, Bryse",Bryse Wilson,MIL,SI,Sinker,528,32.1,156,0.241,0.372,0.296,13.3,16.0,19.7,0.299,0.463,0.359,50.0,1.3,2026-06-05
2024,605280,"Holmes, Clay",Clay Holmes,NYY,SI,Sinker,610,56.2,156,0.319,0.428,0.372,22.6,13.5,15.4,0.284,0.395,0.337,38.3,-0.5,2026-06-05
2024,656605,"Keller, Mitch",Mitch Keller,PIT,ST,Sweeper,441,15.5,156,0.204,0.331,0.263,25.0,30.8,21.6,0.195,0.306,0.264,25.0,0.6,2026-06-05
2024,641712,"Hudson, Dakota",Dakota Hudson,COL,SI,Sinker,492,32.6,155,0.299,0.433,0.375,8.0,3.2,5.3,0.328,0.529,0.415,50.8,-0.3,2026-06-05
2024,676664,"Sears, JP",JP Sears,ATH,CH,Changeup,549,19.2,155,0.297,0.428,0.332,18.8,6.5,8.4,0.28,0.463,0.34,29.2,-0.5,2026-06-05
2024,607067,"Rea, Colin",Colin Rea,MIL,FF,4-Seam Fastball,516,19.5,155,0.21,0.319,0.281,25.2,32.3,19.8,0.232,0.365,0.303,38.2,0.3,2026-06-05
2024,686539,"Cronin, Declan",Declan Cronin,MIA,SL,Slider,564,51.5,155,0.262,0.331,0.299,31.6,26.5,27.2,0.242,0.38,0.291,34.0,0.3,2026-06-05
2024,669432,"Rogers, Trevor",Trevor Rogers,BAL,CH,Changeup,528,23.5,155,0.293,0.395,0.344,24.0,17.4,12.8,0.262,0.356,0.295,44.2,-0.9,2026-06-05
2024,694973,"Skenes, Paul",Paul Skenes,PIT,FS,Split-Finger,603,28.4,155,0.184,0.234,0.238,29.3,20.0,26.7,0.229,0.327,0.286,35.5,2.8,2026-06-05
2024,660853,"De Los Santos, Enyel",Enyel De Los Santos,CWS,FF,4-Seam Fastball,556,49.3,154,0.311,0.622,0.431,20.4,18.8,15.3,0.267,0.558,0.392,47.2,-1.6,2026-06-05
2024,571578,"Corbin, Patrick",Patrick Corbin,WSH,FC,Cutter,554,19.2,153,0.301,0.434,0.342,22.3,22.9,17.4,0.279,0.428,0.327,49.5,-0.8,2026-06-05
2024,605288,"Houser, Adrian",Adrian Houser,NYM,SI,Sinker,503,44.5,153,0.252,0.382,0.352,12.2,13.1,15.7,0.246,0.396,0.34,41.4,-0.5,2026-06-05
2024,682243,"Miller, Bryce",Bryce Miller,SEA,SI,Sinker,475,17.3,153,0.248,0.358,0.312,9.7,17.0,27.4,0.279,0.438,0.351,47.3,1.6,2026-06-05
2024,669022,"Gore, MacKenzie",MacKenzie Gore,WSH,CU,Curveball,581,19.4,153,0.221,0.3,0.28,33.9,34.6,23.5,0.199,0.265,0.24,37.5,0.2,2026-06-05
2024,682847,"Ortiz, Luis",Luis Ortiz,PIT,SL,Slider,574,26.8,153,0.203,0.392,0.282,30.8,31.4,20.9,0.208,0.379,0.278,27.8,-0.8,2026-06-05
2024,650644,"Civale, Aaron",Aaron Civale,MIL,SI,Sinker,652,24.2,153,0.235,0.394,0.33,16.1,17.0,16.6,0.257,0.421,0.343,43.1,0.0,2026-06-05
2024,682847,"Ortiz, Luis",Luis Ortiz,PIT,FF,4-Seam Fastball,572,26.7,153,0.187,0.331,0.264,20.9,28.8,18.1,0.203,0.421,0.304,41.1,1.1,2026-06-05
2024,527048,"Pérez, Martín",Martín Pérez,SD,CH,Changeup,501,22.7,152,0.28,0.448,0.345,34.1,27.0,23.4,0.261,0.438,0.322,31.1,-1.1,2026-06-05
2024,806185,"Birdsong, Hayden",Hayden Birdsong,SF,FF,4-Seam Fastball,619,44.6,151,0.216,0.44,0.364,18.2,16.6,16.1,0.271,0.545,0.419,54.3,-0.4,2026-06-05
2024,594902,"Lively, Ben",Ben Lively,CLE,FF,4-Seam Fastball,736,30.6,151,0.282,0.524,0.409,16.3,10.6,14.3,0.263,0.533,0.401,54.6,-0.6,2026-06-05
2024,684320,"Rodríguez, Yariel",Yariel Rodríguez,TOR,SL,Slider,424,28.2,151,0.213,0.36,0.29,33.5,32.5,25.9,0.196,0.354,0.281,35.6,0.1,2026-06-05
2024,656756,"Montgomery, Jordan",Jordan Montgomery,AZ,CU,Curveball,593,30.7,150,0.27,0.453,0.332,35.3,22.0,15.1,0.247,0.356,0.289,35.5,-0.7,2026-06-05
2024,657649,"Koenig, Jared",Jared Koenig,MIL,SI,Sinker,576,56.6,150,0.235,0.303,0.301,17.7,21.3,19.0,0.237,0.382,0.319,37.6,0.9,2026-06-05
2024,695243,"Miller, Mason",Mason Miller,ATH,FF,4-Seam Fastball,646,63.1,150,0.178,0.319,0.255,37.1,37.3,28.4,0.181,0.288,0.253,37.5,1.8,2026-06-05
2024,650633,"King, Michael",Michael King,SD,FF,4-Seam Fastball,700,24.2,150,0.265,0.402,0.333,26.1,27.3,15.6,0.227,0.417,0.323,42.4,0.0,2026-06-05
2024,543859,"Tonkin, Michael",Michael Tonkin,MIN,FF,4-Seam Fastball,535,37.7,150,0.205,0.352,0.327,23.7,30.7,21.4,0.231,0.433,0.353,38.5,0.2,2026-06-05
2024,608379,"Wacha, Michael",Michael Wacha,KC,FF,4-Seam Fastball,606,23.3,150,0.284,0.455,0.359,16.8,18.0,16.6,0.293,0.491,0.372,40.4,0.3,2026-06-05
2024,669358,"Baz, Shane",Shane Baz,TB,FF,4-Seam Fastball,578,47.9,149,0.252,0.37,0.324,22.1,18.1,19.4,0.228,0.403,0.324,47.1,0.5,2026-06-05
2024,622491,"Castillo, Luis",Luis Castillo,SEA,SL,Slider,639,22.4,149,0.207,0.357,0.261,35.8,30.2,18.3,0.221,0.361,0.271,41.2,0.5,2026-06-05
2024,628317,"Maeda, Kenta",Kenta Maeda,DET,FS,Split-Finger,609,31.1,149,0.218,0.423,0.301,30.4,25.5,15.1,0.247,0.426,0.308,46.7,-0.8,2026-06-05
2024,656464,"Ginkel, Kevin",Kevin Ginkel,AZ,FF,4-Seam Fastball,624,52.7,148,0.269,0.418,0.327,20.2,20.9,15.2,0.233,0.411,0.308,47.6,0.2,2026-06-05
2024,571670,"Floro, Dylan",Dylan Floro,AZ,SI,Sinker,502,49.3,148,0.272,0.375,0.315,8.4,16.2,21.2,0.28,0.422,0.337,43.0,1.2,2026-06-05
2024,686752,"Pepiot, Ryan",Ryan Pepiot,TB,CH,Changeup,503,23.4,148,0.216,0.353,0.297,28.6,29.1,20.5,0.24,0.351,0.282,34.0,-0.7,2026-06-05
2024,543243,"Gray, Sonny",Sonny Gray,STL,SI,Sinker,444,17.9,148,0.2,0.385,0.291,21.0,35.8,33.8,0.212,0.387,0.291,46.4,1.1,2026-06-05
2024,656731,"Megill, Tylor",Tylor Megill,NYM,FF,4-Seam Fastball,637,46.7,148,0.228,0.35,0.351,29.3,26.4,21.5,0.226,0.411,0.344,48.8,0.3,2026-06-05
2024,694813,"Stone, Gavin",Gavin Stone,LAD,SI,Sinker,465,21.6,148,0.319,0.489,0.383,12.4,8.8,12.1,0.273,0.413,0.33,32.5,-0.7,2026-06-05
2024,665795,"Cabrera, Edward",Edward Cabrera,MIA,CH,Changeup,566,32.6,147,0.192,0.3,0.282,34.7,30.6,24.9,0.21,0.37,0.298,41.9,0.2,2026-06-05
2024,615698,"Quantrill, Cal",Cal Quantrill,COL,SI,Sinker,635,24.0,147,0.404,0.64,0.504,16.2,12.9,13.9,0.311,0.481,0.422,51.0,-2.1,2026-06-05
2024,607536,"Freeland, Kyle",Kyle Freeland,COL,SI,Sinker,470,26.6,147,0.306,0.567,0.406,7.5,11.6,14.8,0.289,0.511,0.372,43.2,-1.3,2026-06-05
2024,676684,"Vest, Will",Will Vest,DET,FF,4-Seam Fastball,651,56.0,147,0.183,0.214,0.223,22.9,27.2,18.8,0.239,0.381,0.298,44.8,2.3,2026-06-05
2024,671345,"Foley, Jason",Jason Foley,DET,SI,Sinker,501,55.4,147,0.295,0.419,0.352,13.8,14.3,16.9,0.291,0.45,0.364,48.6,0.0,2026-06-05
2024,682243,"Miller, Bryce",Bryce Miller,SEA,FS,Split-Finger,469,17.1,147,0.148,0.225,0.174,29.0,36.7,21.7,0.18,0.284,0.213,34.8,1.7,2026-06-05
2024,666808,"Doval, Camilo",Camilo Doval,SF,SL,Slider,570,51.1,147,0.184,0.272,0.265,44.8,38.8,28.8,0.123,0.18,0.217,37.1,1.1,2026-06-05
2024,657277,"Webb, Logan",Logan Webb,SF,ST,Sweeper,680,21.3,147,0.239,0.331,0.271,26.8,27.2,14.9,0.249,0.376,0.283,38.8,0.4,2026-06-05
2024,666157,"Lodolo, Nick",Nick Lodolo,CIN,CU,Curveball,509,27.3,146,0.217,0.302,0.276,42.9,44.5,27.3,0.166,0.236,0.231,26.2,-0.6,2026-06-05
2024,489446,"Yates, Kirby",Kirby Yates,TEX,FF,4-Seam Fastball,623,60.7,146,0.113,0.21,0.212,35.2,41.1,27.3,0.128,0.218,0.223,33.3,2.5,2026-06-05
2024,573186,"Stroman, Marcus",Marcus Stroman,NYY,SL,Slider,425,16.0,146,0.258,0.386,0.325,27.2,28.1,18.0,0.228,0.368,0.301,42.9,-2.3,2026-06-05
2024,640455,"Manaea, Sean",Sean Manaea,NYM,ST,Sweeper,567,18.9,146,0.194,0.313,0.253,39.0,41.8,26.4,0.158,0.256,0.219,25.7,0.2,2026-06-05
2024,683232,"Mears, Nick",Nick Mears,MIL,FF,4-Seam Fastball,619,60.2,146,0.24,0.4,0.321,20.0,23.3,19.3,0.233,0.406,0.323,38.3,0.7,2026-06-05
2024,686613,"Brown, Hunter",Hunter Brown,HOU,SI,Sinker,518,17.9,145,0.267,0.305,0.297,14.8,15.2,18.5,0.242,0.318,0.291,11.9,1.4,2026-06-05
2024,608379,"Wacha, Michael",Michael Wacha,KC,SI,Sinker,409,15.7,145,0.248,0.296,0.3,10.4,16.6,16.7,0.271,0.411,0.34,35.6,0.5,2026-06-05
2024,642547,"Peralta, Freddy",Freddy Peralta,MIL,SL,Slider,638,20.8,145,0.185,0.363,0.265,41.1,32.4,20.3,0.191,0.33,0.258,23.6,-0.1,2026-06-05
2024,667463,"King, John",John King,STL,SI,Sinker,505,58.9,145,0.281,0.344,0.299,12.5,13.8,18.2,0.258,0.35,0.313,39.5,1.2,2026-06-05
2024,676710,"Crawford, Kutter",Kutter Crawford,BOS,ST,Sweeper,522,18.5,144,0.222,0.437,0.305,26.3,20.8,16.0,0.215,0.437,0.303,33.3,-0.5,2026-06-05
2024,607200,"Fedde, Erick",Erick Fedde,STL,ST,Sweeper,583,20.2,144,0.165,0.309,0.224,25.1,20.8,14.2,0.192,0.356,0.25,25.7,1.5,2026-06-05
2024,676440,"Bibee, Tanner",Tanner Bibee,CLE,CH,Changeup,512,18.0,144,0.238,0.431,0.319,29.1,33.3,24.9,0.225,0.371,0.296,25.3,0.3,2026-06-05
2024,607259,"Martinez, Nick",Nick Martinez,CIN,CH,Changeup,460,21.6,144,0.186,0.286,0.217,41.6,32.6,22.8,0.182,0.243,0.202,17.2,1.5,2026-06-05
2024,694813,"Stone, Gavin",Gavin Stone,LAD,FF,4-Seam Fastball,557,25.9,144,0.242,0.427,0.343,17.7,25.0,25.0,0.233,0.41,0.335,43.2,-0.4,2026-06-05
2024,663878,"Pearson, Nate",Nate Pearson,CHC,FF,4-Seam Fastball,486,45.9,144,0.304,0.504,0.389,20.1,18.8,21.4,0.246,0.481,0.357,47.0,-1.1,2026-06-05
2024,547179,"Lorenzen, Michael",Michael Lorenzen,KC,SI,Sinker,446,21.3,144,0.289,0.438,0.364,6.2,16.0,18.0,0.302,0.479,0.372,45.3,-0.3,2026-06-05
2024,571760,"Heaney, Andrew",Andrew Heaney,TEX,CH,Changeup,462,16.9,143,0.239,0.384,0.283,24.3,13.3,15.0,0.269,0.427,0.312,31.4,0.4,2026-06-05
2024,681676,"Fernandez, Ryan",Ryan Fernandez,STL,SL,Slider,572,48.1,143,0.182,0.295,0.244,41.0,36.4,21.7,0.162,0.228,0.214,23.5,1.0,2026-06-05
2024,681867,"Criswell, Cooper",Cooper Criswell,BOS,CH,Changeup,459,26.1,143,0.256,0.338,0.287,17.1,11.2,9.8,0.254,0.371,0.298,38.7,0.3,2026-06-05
2024,656730,"Megill, Trevor",Trevor Megill,MIL,FF,4-Seam Fastball,476,71.3,142,0.209,0.279,0.263,22.2,22.5,24.1,0.217,0.364,0.29,44.4,1.9,2026-06-05
2024,808967,"Yamamoto, Yoshinobu",Yoshinobu Yamamoto,LAD,FF,4-Seam Fastball,595,40.5,142,0.266,0.419,0.34,17.6,18.3,17.9,0.272,0.458,0.363,45.5,0.9,2026-06-05
2024,596133,"Weaver, Luke",Luke Weaver,NYY,FF,4-Seam Fastball,664,48.3,142,0.177,0.331,0.272,30.0,32.4,21.9,0.189,0.409,0.308,49.4,0.8,2026-06-05
2024,676254,"Walker, Ryan",Ryan Walker,SF,SL,Slider,546,44.8,142,0.157,0.269,0.206,38.0,38.7,26.6,0.172,0.278,0.222,21.3,1.7,2026-06-05
2024,693312,"Nicolas, Kyle",Kyle Nicolas,PIT,FF,4-Seam Fastball,523,55.1,142,0.23,0.327,0.321,19.3,16.2,18.7,0.233,0.408,0.357,47.3,0.6,2026-06-05
2024,607192,"Glasnow, Tyler",Tyler Glasnow,LAD,SL,Slider,557,27.7,141,0.2,0.333,0.253,40.4,33.3,30.3,0.214,0.334,0.262,37.5,1.0,2026-06-05
2024,641835,"Mayza, Tim",Tim Mayza,NYY,SI,Sinker,524,71.7,141,0.32,0.508,0.388,16.5,13.5,15.8,0.294,0.477,0.357,39.3,-0.4,2026-06-05
2024,592773,"Stanek, Ryne",Ryne Stanek,NYM,FF,4-Seam Fastball,579,59.3,141,0.231,0.397,0.337,27.9,22.7,17.9,0.198,0.407,0.314,42.2,0.2,2026-06-05
2024,670950,"Richards, Trevor",Trevor Richards,MIN,FF,4-Seam Fastball,537,45.4,141,0.229,0.339,0.343,14.3,19.1,16.1,0.253,0.451,0.386,51.8,0.6,2026-06-05
2024,694813,"Stone, Gavin",Gavin Stone,LAD,CH,Changeup,574,26.7,140,0.178,0.356,0.235,37.2,26.4,16.7,0.228,0.405,0.279,30.0,0.8,2026-06-05
2024,642232,"Yarbrough, Ryan",Ryan Yarbrough,TOR,SI,Sinker,448,29.6,140,0.222,0.325,0.286,6.9,6.4,11.7,0.29,0.455,0.359,41.2,1.9,2026-06-05
2024,669203,"Burnes, Corbin",Corbin Burnes,BAL,CU,Curveball,644,21.5,140,0.2,0.326,0.241,37.8,35.0,25.9,0.2,0.35,0.245,30.7,0.5,2026-06-05
2024,681293,"Arrighetti, Spencer",Spencer Arrighetti,HOU,FC,Cutter,491,19.6,140,0.248,0.444,0.368,22.8,16.4,24.0,0.229,0.427,0.35,37.2,1.0,2026-06-05
2024,672282,"Detmers, Reid",Reid Detmers,LAA,FF,4-Seam Fastball,660,42.4,139,0.273,0.479,0.376,25.1,22.3,18.6,0.23,0.451,0.342,40.0,-0.9,2026-06-05
2024,570632,"Ureña, José",José Ureña,TEX,SL,Slider,609,34.6,139,0.24,0.36,0.3,33.1,27.3,21.5,0.207,0.307,0.265,24.7,0.1,2026-06-05
2024,606930,"Barnes, Jacob",Jacob Barnes,WSH,FC,Cutter,550,49.2,139,0.269,0.408,0.322,29.9,19.4,18.8,0.275,0.409,0.316,31.4,-0.3,2026-06-05
2024,650556,"Abreu, Bryan",Bryan Abreu,HOU,FF,4-Seam Fastball,602,46.3,139,0.256,0.471,0.363,28.4,24.5,23.9,0.232,0.444,0.336,46.6,-0.6,2026-06-05
2024,621244,"Berríos, José",José Berríos,TOR,CH,Changeup,465,16.0,138,0.171,0.364,0.257,26.9,18.1,15.8,0.237,0.401,0.303,33.7,0.3,2026-06-05
2024,605483,"Snell, Blake",Blake Snell,SF,CU,Curveball,462,26.1,138,0.111,0.183,0.182,49.8,50.7,29.9,0.126,0.177,0.181,25.0,2.3,2026-06-05
2024,665152,"Kremer, Dean",Dean Kremer,BAL,FC,Cutter,500,23.0,138,0.25,0.355,0.311,23.7,13.0,15.4,0.278,0.488,0.369,38.2,0.2,2026-06-05
2024,641927,"Ober, Bailey",Bailey Ober,MIN,SL,Slider,523,19.4,138,0.276,0.504,0.355,22.7,15.9,19.5,0.258,0.455,0.331,36.8,-1.0,2026-06-05
2024,608331,"Fried, Max",Max Fried,ATL,CU,Curveball,578,20.9,138,0.154,0.285,0.211,37.1,41.3,30.6,0.181,0.332,0.244,39.2,1.6,2026-06-05
2024,608032,"Estévez, Carlos",Carlos Estévez,PHI,FF,4-Seam Fastball,502,61.1,137,0.198,0.313,0.248,23.0,24.1,17.9,0.231,0.459,0.31,45.9,1.3,2026-06-05
2024,657376,"Schmidt, Clarke",Clarke Schmidt,NYY,FC,Cutter,510,35.1,137,0.256,0.38,0.321,32.2,26.3,22.6,0.234,0.367,0.301,34.5,0.6,2026-06-05
2024,596295,"Gomber, Austin",Austin Gomber,COL,CH,Changeup,538,20.5,136,0.28,0.409,0.301,27.3,8.8,9.8,0.284,0.46,0.33,32.2,0.2,2026-06-05
2024,669060,"Wilson, Bryse",Bryse Wilson,MIL,FC,Cutter,573,34.9,136,0.23,0.361,0.299,26.3,15.4,22.1,0.264,0.501,0.356,42.7,1.5,2026-06-05
2024,686730,"Spiers, Carson",Carson Spiers,CIN,FF,4-Seam Fastball,463,29.8,136,0.256,0.462,0.374,20.5,23.5,19.2,0.228,0.426,0.338,43.5,-2.0,2026-06-05
2024,552640,"Kittredge, Andrew",Andrew Kittredge,STL,SL,Slider,508,49.4,136,0.177,0.392,0.258,41.3,35.3,24.2,0.211,0.394,0.28,43.9,1.0,2026-06-05
2024,680570,"Rodriguez, Grayson",Grayson Rodriguez,BAL,CH,Changeup,395,21.0,136,0.161,0.306,0.249,34.8,32.4,25.1,0.175,0.322,0.256,35.0,1.3,2026-06-05
2024,608331,"Fried, Max",Max Fried,ATL,SI,Sinker,458,16.6,136,0.27,0.336,0.318,14.6,16.2,16.5,0.295,0.391,0.344,46.0,0.3,2026-06-05
2024,689147,"Kerkering, Orion",Orion Kerkering,PHI,ST,Sweeper,605,55.7,135,0.226,0.306,0.275,31.1,27.4,18.8,0.24,0.389,0.298,29.2,0.8,2026-06-05
2024,658648,"Avila, Pedro",Pedro Avila,CLE,FF,4-Seam Fastball,553,39.0,135,0.261,0.435,0.343,18.6,20.0,18.9,0.274,0.464,0.362,47.8,-0.1,2026-06-05
2024,547179,"Lorenzen, Michael",Michael Lorenzen,KC,FF,4-Seam Fastball,565,27.0,135,0.156,0.312,0.289,18.5,23.0,17.8,0.208,0.427,0.347,48.1,0.8,2026-06-05
2024,679885,"Martinez, Justin",Justin Martinez,AZ,SI,Sinker,527,44.8,135,0.33,0.4,0.367,20.4,10.4,18.7,0.277,0.361,0.348,34.0,0.1,2026-06-05
2024,518585,"Cruz, Fernando",Fernando Cruz,CIN,FS,Split-Finger,475,41.7,134,0.117,0.15,0.173,59.6,65.7,32.5,0.096,0.12,0.16,24.2,2.0,2026-06-05
2024,605135,"Bassitt, Chris",Chris Bassitt,TOR,FC,Cutter,585,19.8,134,0.186,0.314,0.268,27.0,32.8,18.4,0.183,0.352,0.277,35.5,0.6,2026-06-05
2024,622663,"Severino, Luis",Luis Severino,NYM,ST,Sweeper,496,17.2,134,0.14,0.24,0.218,38.5,44.8,24.2,0.15,0.247,0.221,25.8,0.6,2026-06-05
2024,571882,"Law, Derek",Derek Law,WSH,SL,Slider,414,30.3,134,0.159,0.222,0.182,40.9,36.6,25.5,0.192,0.266,0.226,30.0,2.2,2026-06-05
2024,665625,"Peguero, Elvis",Elvis Peguero,MIL,SI,Sinker,409,49.3,134,0.299,0.385,0.378,13.2,14.2,20.4,0.281,0.433,0.355,42.4,-1.2,2026-06-05
2024,472610,"García, Luis",Luis García,BOS,SI,Sinker,477,53.2,134,0.264,0.448,0.351,11.6,9.0,17.1,0.251,0.412,0.316,42.5,0.4,2026-06-05
2024,661563,"Gil, Luis",Luis Gil,NYY,CH,Changeup,674,25.3,134,0.179,0.282,0.269,27.0,20.1,17.5,0.222,0.362,0.311,33.3,0.3,2026-06-05
2024,672282,"Detmers, Reid",Reid Detmers,LAA,SL,Slider,381,24.5,133,0.218,0.387,0.299,37.1,41.4,25.5,0.173,0.312,0.253,36.9,-0.5,2026-06-05
2024,677053,"Nardi, Andrew",Andrew Nardi,MIA,FF,4-Seam Fastball,551,60.8,133,0.224,0.379,0.315,29.5,33.8,24.7,0.191,0.314,0.274,40.3,0.0,2026-06-05
2024,672582,"Zerpa, Angel",Angel Zerpa,KC,SI,Sinker,416,43.7,133,0.273,0.355,0.347,11.4,24.8,21.6,0.241,0.347,0.295,47.2,0.5,2026-06-05
2024,670950,"Richards, Trevor",Trevor Richards,MIN,CH,Changeup,630,53.3,133,0.148,0.279,0.233,32.3,25.6,16.0,0.161,0.256,0.22,24.4,0.4,2026-06-05
2024,573124,"Rogers, Taylor",Taylor Rogers,SF,SI,Sinker,571,52.8,133,0.195,0.319,0.294,13.6,26.3,18.4,0.209,0.313,0.296,45.6,0.5,2026-06-05
2024,592767,"Smyly, Drew",Drew Smyly,CHC,CU,Curveball,494,48.6,133,0.22,0.374,0.289,33.3,36.8,22.7,0.188,0.308,0.248,36.5,-0.7,2026-06-05
2024,671212,"Boyle, Joe",Joe Boyle,ATH,FF,4-Seam Fastball,570,59.0,133,0.27,0.39,0.395,25.3,18.8,21.7,0.253,0.407,0.38,46.8,-1.2,2026-06-05
2024,543243,"Gray, Sonny",Sonny Gray,STL,FF,4-Seam Fastball,592,23.8,133,0.333,0.567,0.41,18.2,9.0,20.0,0.313,0.55,0.4,35.8,-1.0,2026-06-05
2024,641729,"Jiménez, Joe",Joe Jiménez,ATL,SL,Slider,540,49.6,133,0.15,0.233,0.218,39.6,34.6,24.5,0.164,0.248,0.23,24.0,1.7,2026-06-05
2024,605154,"Brebbia, John",John Brebbia,ATL,SL,Slider,515,51.8,133,0.322,0.587,0.421,25.5,18.8,15.0,0.302,0.512,0.379,30.2,-3.3,2026-06-05
2024,669093,"Estrada, Jeremiah",Jeremiah Estrada,SD,FF,4-Seam Fastball,566,56.4,132,0.191,0.304,0.265,32.6,31.1,24.3,0.196,0.318,0.283,39.5,1.2,2026-06-05
2024,592454,"Kahnle, Tommy",Tommy Kahnle,NYY,CH,Changeup,546,72.8,132,0.157,0.264,0.239,38.9,28.8,22.0,0.173,0.268,0.237,25.3,1.8,2026-06-05
2024,621381,"Strahm, Matt",Matt Strahm,PHI,FF,4-Seam Fastball,524,53.4,132,0.16,0.288,0.201,27.4,40.9,22.9,0.182,0.346,0.233,43.2,1.8,2026-06-05
2024,680885,"Schwellenbach, Spencer",Spencer Schwellenbach,ATL,FF,4-Seam Fastball,544,28.8,132,0.24,0.448,0.316,20.3,25.8,19.3,0.271,0.455,0.33,47.8,0.1,2026-06-05
2024,608344,"Irvin, Cole",Cole Irvin,MIN,SI,Sinker,415,23.5,131,0.313,0.53,0.403,9.4,15.3,17.9,0.275,0.482,0.368,40.6,-1.8,2026-06-05
2024,607067,"Rea, Colin",Colin Rea,MIL,FC,Cutter,515,19.4,131,0.289,0.661,0.426,16.9,10.7,21.2,0.3,0.601,0.408,45.8,-1.5,2026-06-05
2024,643338,"Green, Chad",Chad Green,TOR,FF,4-Seam Fastball,503,59.9,131,0.198,0.364,0.258,18.1,19.1,15.3,0.249,0.507,0.333,50.5,1.7,2026-06-05
2024,669194,"Nelson, Ryne",Ryne Nelson,AZ,FC,Cutter,442,18.4,131,0.317,0.508,0.363,15.4,10.7,13.6,0.304,0.454,0.343,35.1,-1.1,2026-06-05
2024,500779,"Quintana, Jose",Jose Quintana,NYM,FF,4-Seam Fastball,634,22.5,131,0.229,0.431,0.34,16.8,13.0,9.7,0.229,0.446,0.35,36.2,-0.9,2026-06-05
2024,683769,"Gaddis, Hunter",Hunter Gaddis,CLE,SL,Slider,482,44.8,131,0.163,0.244,0.209,30.7,23.7,22.5,0.209,0.345,0.264,37.6,2.6,2026-06-05
2024,671096,"Abbott, Andrew",Andrew Abbott,CIN,ST,Sweeper,428,18.3,130,0.189,0.307,0.226,28.7,29.2,17.4,0.158,0.236,0.182,13.5,1.3,2026-06-05
2024,502043,"Gibson, Kyle",Kyle Gibson,STL,FC,Cutter,584,21.1,130,0.297,0.475,0.38,18.0,6.9,17.3,0.295,0.493,0.371,38.2,-0.6,2026-06-05
2024,677960,"Weathers, Ryan",Ryan Weathers,MIA,FF,4-Seam Fastball,554,39.2,130,0.313,0.446,0.386,14.1,10.8,8.2,0.29,0.471,0.375,39.0,-0.7,2026-06-05
2024,640451,"Harvey, Hunter",Hunter Harvey,KC,FF,4-Seam Fastball,570,62.9,130,0.254,0.404,0.337,22.7,24.6,16.3,0.271,0.456,0.354,53.0,0.6,2026-06-05
2024,500779,"Quintana, Jose",Jose Quintana,NYM,CH,Changeup,544,19.3,130,0.203,0.26,0.237,36.7,25.4,15.9,0.228,0.3,0.256,26.7,0.3,2026-06-05
2024,664854,"Helsley, Ryan",Ryan Helsley,STL,SL,Slider,449,48.2,130,0.171,0.195,0.193,51.0,43.8,34.8,0.193,0.227,0.208,16.4,2.8,2026-06-05
2024,656427,"Flaherty, Jack",Jack Flaherty,LAD,CU,Curveball,560,21.8,130,0.164,0.219,0.175,43.6,40.0,27.1,0.207,0.267,0.22,25.0,2.2,2026-06-05
2024,693433,"Woo, Bryan",Bryan Woo,SEA,SI,Sinker,398,23.2,130,0.24,0.32,0.277,9.6,11.5,15.5,0.245,0.345,0.278,38.2,2.0,2026-06-05
2024,676395,"Garcia, Robert",Robert Garcia,WSH,FF,4-Seam Fastball,499,52.7,130,0.256,0.376,0.314,24.9,32.3,26.4,0.207,0.319,0.27,40.8,0.3,2026-06-05
2024,665871,"Assad, Javier",Javier Assad,CHC,FC,Cutter,547,21.6,129,0.315,0.583,0.418,14.2,7.8,14.1,0.323,0.579,0.43,42.2,-0.2,2026-06-05
2024,694363,"Shuster, Jared",Jared Shuster,CWS,FF,4-Seam Fastball,483,37.4,129,0.272,0.482,0.377,16.5,19.4,20.2,0.259,0.49,0.357,41.1,-0.2,2026-06-05
2024,543859,"Tonkin, Michael",Michael Tonkin,MIN,SL,Slider,506,35.7,129,0.221,0.303,0.246,26.6,28.7,14.2,0.215,0.317,0.243,35.2,0.0,2026-06-05
2024,593423,"Montas, Frankie",Frankie Montas,MIL,SI,Sinker,508,19.3,129,0.248,0.407,0.332,11.2,10.9,14.6,0.251,0.453,0.349,40.0,1.3,2026-06-05
2024,606930,"Barnes, Jacob",Jacob Barnes,WSH,FF,4-Seam Fastball,528,47.3,129,0.267,0.5,0.379,19.6,18.6,13.6,0.279,0.557,0.378,52.1,-0.8,2026-06-05
2024,579328,"Kikuchi, Yusei",Yusei Kikuchi,HOU,CU,Curveball,523,17.9,129,0.27,0.405,0.308,27.4,25.6,22.9,0.229,0.39,0.275,45.2,0.4,2026-06-05
2024,680730,"Parker, Mitchell",Mitchell Parker,WSH,FS,Split-Finger,458,19.1,129,0.233,0.4,0.311,37.2,27.1,22.3,0.25,0.401,0.308,33.7,-1.1,2026-06-05
2024,542881,"Anderson, Tyler",Tyler Anderson,LAA,FC,Cutter,527,18.1,129,0.263,0.458,0.342,24.6,11.6,12.0,0.261,0.456,0.334,32.7,-0.4,2026-06-05
2024,663362,"Waldron, Matt",Matt Waldron,SD,FF,4-Seam Fastball,458,18.7,129,0.263,0.508,0.354,22.0,27.1,20.5,0.242,0.443,0.323,45.2,-1.0,2026-06-05
2024,571946,"Miller, Shelby",Shelby Miller,DET,FF,4-Seam Fastball,515,60.6,128,0.183,0.33,0.273,23.7,23.4,21.0,0.203,0.368,0.31,43.9,1.2,2026-06-05
2024,666214,"Wentz, Joey",Joey Wentz,PIT,FF,4-Seam Fastball,447,36.5,128,0.316,0.469,0.415,17.5,16.4,16.7,0.264,0.448,0.381,45.1,-1.3,2026-06-05
2024,656945,"Scott, Tanner",Tanner Scott,SD,SL,Slider,473,40.7,128,0.231,0.316,0.286,38.8,28.9,25.0,0.218,0.341,0.279,25.9,0.8,2026-06-05
2024,689017,"Knack, Landon",Landon Knack,LAD,FF,4-Seam Fastball,532,46.3,128,0.228,0.526,0.363,20.3,25.8,23.6,0.201,0.503,0.337,53.1,-0.3,2026-06-05
2024,621107,"Eflin, Zach",Zach Eflin,BAL,CU,Curveball,461,18.8,128,0.291,0.472,0.326,33.3,28.1,18.9,0.257,0.436,0.3,20.7,-1.4,2026-06-05
2024,640462,"Puk, A.J.",A.J. Puk,AZ,FF,4-Seam Fastball,507,43.2,128,0.145,0.197,0.203,31.6,35.9,23.7,0.149,0.211,0.203,31.0,2.3,2026-06-05
2024,445926,"Chavez, Jesse",Jesse Chavez,ATL,FC,Cutter,533,51.1,128,0.224,0.353,0.292,18.5,21.9,19.7,0.243,0.413,0.316,34.4,0.7,2026-06-05
2024,676962,"Brown, Ben",Ben Brown,CHC,FF,4-Seam Fastball,532,62.7,128,0.25,0.352,0.31,18.5,15.6,16.7,0.292,0.529,0.406,56.5,0.8,2026-06-05
2024,681293,"Arrighetti, Spencer",Spencer Arrighetti,HOU,CU,Curveball,498,19.9,127,0.171,0.282,0.228,42.4,45.7,32.0,0.155,0.247,0.212,25.0,0.7,2026-06-05
2024,607259,"Martinez, Nick",Nick Martinez,CIN,FF,4-Seam Fastball,479,22.5,127,0.217,0.348,0.292,21.2,22.8,14.4,0.218,0.361,0.275,34.4,0.6,2026-06-05
2024,690986,"Harrison, Kyle",Kyle Harrison,SF,CH,Changeup,411,19.8,126,0.287,0.435,0.328,21.5,11.9,13.9,0.287,0.461,0.364,34.3,-1.5,2026-06-05
2024,607625,"Lugo, Seth",Seth Lugo,KC,CU,Curveball,503,16.2,126,0.171,0.265,0.226,33.6,39.7,28.6,0.189,0.302,0.24,36.8,1.8,2026-06-05
2024,641302,"Alexander, Tyler",Tyler Alexander,TB,FC,Cutter,530,31.8,126,0.265,0.549,0.368,21.6,15.9,17.7,0.258,0.535,0.369,32.3,-1.1,2026-06-05
2024,650644,"Civale, Aaron",Aaron Civale,MIL,ST,Sweeper,398,14.7,126,0.267,0.467,0.34,26.9,19.8,16.0,0.234,0.406,0.292,31.3,-0.9,2026-06-05
2024,641729,"Jiménez, Joe",Joe Jiménez,ATL,FF,4-Seam Fastball,503,46.2,126,0.216,0.261,0.271,26.8,25.4,21.2,0.204,0.345,0.288,45.0,1.6,2026-06-05
2024,596295,"Gomber, Austin",Austin Gomber,COL,SL,Slider,437,16.7,125,0.274,0.513,0.351,22.0,17.6,16.5,0.279,0.512,0.36,40.6,-0.3,2026-06-05
2024,571882,"Law, Derek",Derek Law,WSH,FC,Cutter,515,37.6,125,0.303,0.404,0.375,26.7,9.6,15.8,0.299,0.407,0.356,34.7,0.2,2026-06-05
2024,664285,"Valdez, Framber",Framber Valdez,HOU,CH,Changeup,454,17.5,125,0.226,0.278,0.276,35.4,22.4,20.1,0.232,0.281,0.264,35.2,0.3,2026-06-05
2024,605463,"Scott, Tayler",Tayler Scott,HOU,FF,4-Seam Fastball,583,48.5,125,0.144,0.298,0.261,28.3,30.4,22.0,0.17,0.291,0.274,42.6,1.0,2026-06-05
2024,656849,"Peterson, David",David Peterson,NYM,FF,4-Seam Fastball,491,26.2,125,0.22,0.266,0.278,28.9,27.2,21.1,0.245,0.387,0.328,34.2,0.2,2026-06-05
2024,680885,"Schwellenbach, Spencer",Spencer Schwellenbach,ATL,SL,Slider,375,19.9,125,0.225,0.333,0.269,27.9,32.0,21.6,0.225,0.314,0.251,37.0,0.4,2026-06-05
2024,592426,"Jackson, Luke",Luke Jackson,ATL,SL,Slider,477,52.0,125,0.259,0.42,0.352,32.1,23.2,18.1,0.247,0.426,0.33,38.1,-0.6,2026-06-05
2024,670174,"Winckowski, Josh",Josh Winckowski,BOS,SI,Sinker,418,33.7,125,0.303,0.45,0.384,18.1,18.4,24.7,0.259,0.442,0.342,40.4,-0.9,2026-06-05
2024,664747,"Díaz, Alexis",Alexis Díaz,CIN,FF,4-Seam Fastball,566,57.9,124,0.196,0.283,0.336,23.7,17.7,15.8,0.175,0.278,0.32,35.2,0.0,2026-06-05
2024,628317,"Maeda, Kenta",Kenta Maeda,DET,SL,Slider,444,22.7,124,0.321,0.589,0.411,27.1,13.7,14.2,0.251,0.442,0.331,28.1,-1.7,2026-06-05
2024,663546,"Hjelle, Sean",Sean Hjelle,SF,CU,Curveball,416,34.4,124,0.2,0.348,0.262,38.0,37.1,25.1,0.21,0.342,0.27,38.6,-0.2,2026-06-05
2024,683627,"Molina, Anthony",Anthony Molina,COL,FF,4-Seam Fastball,506,48.3,124,0.374,0.561,0.442,15.6,12.9,10.8,0.369,0.578,0.451,54.3,-1.6,2026-06-05
2024,607200,"Fedde, Erick",Erick Fedde,STL,CH,Changeup,474,16.4,124,0.228,0.351,0.28,16.5,19.4,14.4,0.232,0.355,0.285,33.0,0.0,2026-06-05
2024,607259,"Martinez, Nick",Nick Martinez,CIN,FC,Cutter,435,20.5,124,0.281,0.43,0.324,11.9,11.3,19.7,0.274,0.423,0.305,35.8,1.3,2026-06-05
2024,669062,"Miller, Erik",Erik Miller,SF,FF,4-Seam Fastball,631,49.7,123,0.184,0.311,0.291,29.1,30.9,20.3,0.181,0.296,0.287,49.2,0.8,2026-06-05
2024,519008,"McFarland, T.J.",T.J. McFarland,ATH,SI,Sinker,411,49.2,123,0.278,0.383,0.314,11.2,11.4,14.4,0.259,0.372,0.299,43.7,0.8,2026-06-05
2024,683155,"Estes, Joey",Joey Estes,ATH,ST,Sweeper,396,19.5,123,0.217,0.367,0.262,21.6,25.2,17.6,0.167,0.281,0.205,20.0,0.8,2026-06-05
2024,669276,"Lee, Dylan",Dylan Lee,ATL,SL,Slider,470,54.8,123,0.19,0.336,0.252,45.6,40.7,32.9,0.17,0.278,0.216,26.9,1.7,2026-06-05
2024,621242,"Díaz, Edwin",Edwin Díaz,NYM,SL,Slider,437,47.9,123,0.186,0.345,0.278,39.4,36.6,25.6,0.158,0.264,0.227,25.0,0.6,2026-06-05
2024,669713,"Wesneski, Hayden",Hayden Wesneski,CHC,FF,4-Seam Fastball,387,36.0,123,0.257,0.469,0.369,14.4,13.8,12.8,0.29,0.551,0.389,40.6,-1.0,2026-06-05
2024,593576,"Neris, Héctor",Héctor Neris,HOU,FF,4-Seam Fastball,487,48.3,122,0.226,0.415,0.313,19.8,24.6,24.0,0.228,0.437,0.325,50.6,0.9,2026-06-05
2024,672456,"Montero, Keider",Keider Montero,DET,SL,Slider,438,28.5,122,0.235,0.391,0.3,25.7,25.4,21.4,0.23,0.391,0.291,35.7,-0.6,2026-06-05
2024,666974,"Cano, Yennier",Yennier Cano,BAL,SI,Sinker,512,50.8,122,0.28,0.411,0.349,21.3,17.2,20.6,0.249,0.41,0.338,47.7,0.8,2026-06-05
2024,700249,"Povich, Cade",Cade Povich,BAL,FF,4-Seam Fastball,566,40.7,122,0.221,0.375,0.315,18.4,13.1,10.4,0.212,0.4,0.322,36.0,0.5,2026-06-05
2024,642547,"Peralta, Freddy",Freddy Peralta,MIL,CH,Changeup,536,17.5,122,0.218,0.291,0.277,36.9,20.5,19.7,0.243,0.337,0.298,35.3,0.7,2026-06-05
2024,671737,"Bradley, Taj",Taj Bradley,TB,FC,Cutter,516,22.5,121,0.205,0.357,0.253,32.4,28.1,27.4,0.201,0.358,0.269,36.6,0.4,2026-06-05
2024,544150,"Suárez, Albert",Albert Suárez,BAL,CH,Changeup,385,17.2,121,0.274,0.434,0.344,22.8,18.2,17.1,0.242,0.431,0.339,33.7,-0.5,2026-06-05
2024,657746,"Ryan, Joe",Joe Ryan,MIN,FS,Split-Finger,470,22.3,121,0.202,0.387,0.256,26.4,24.0,15.2,0.217,0.382,0.265,41.1,-0.4,2026-06-05
2024,592791,"Taillon, Jameson",Jameson Taillon,CHC,ST,Sweeper,385,15.5,121,0.181,0.293,0.221,31.6,28.1,18.8,0.198,0.314,0.236,27.1,0.6,2026-06-05
2024,686539,"Cronin, Declan",Declan Cronin,MIA,SI,Sinker,445,40.6,121,0.34,0.437,0.412,15.9,12.4,19.7,0.272,0.383,0.351,52.3,-0.8,2026-06-05
2024,663372,"Feltner, Ryan",Ryan Feltner,COL,SL,Slider,527,20.5,120,0.355,0.523,0.42,22.6,11.7,14.0,0.305,0.494,0.371,42.7,-1.2,2026-06-05
2024,663542,"Hudson, Bryan",Bryan Hudson,MIL,FF,4-Seam Fastball,484,52.2,120,0.15,0.28,0.232,17.9,22.5,17.3,0.196,0.339,0.279,33.3,2.6,2026-06-05
2024,605452,"Ross, Joe",Joe Ross,MIL,SI,Sinker,437,36.5,119,0.243,0.336,0.305,15.1,16.0,22.9,0.239,0.376,0.309,40.9,0.9,2026-06-05
2024,680730,"Parker, Mitchell",Mitchell Parker,WSH,CU,Curveball,542,22.5,119,0.252,0.36,0.305,26.3,21.8,20.0,0.23,0.389,0.297,37.6,0.8,2026-06-05
2024,681857,"Olson, Reese",Reese Olson,DET,FF,4-Seam Fastball,442,23.9,119,0.282,0.398,0.332,10.1,15.1,13.7,0.285,0.469,0.361,47.7,-0.2,2026-06-05
2024,572143,"Smith, Burch",Burch Smith,BAL,FF,4-Seam Fastball,448,50.0,119,0.224,0.355,0.293,23.0,31.1,22.7,0.233,0.409,0.313,50.0,1.2,2026-06-05
2024,668964,"Myers, Tobias",Tobias Myers,MIL,FC,Cutter,490,22.8,119,0.336,0.518,0.391,12.3,6.7,10.8,0.344,0.562,0.4,40.6,-1.1,2026-06-05
2024,624133,"Suarez, Ranger",Ranger Suarez,PHI,CU,Curveball,483,20.5,118,0.189,0.342,0.254,33.9,33.1,21.7,0.209,0.368,0.275,25.0,0.6,2026-06-05
2024,608718,"Suter, Brent",Brent Suter,CIN,FF,4-Seam Fastball,440,43.1,118,0.273,0.4,0.321,17.5,17.8,17.4,0.26,0.398,0.309,31.1,0.8,2026-06-05
2024,543339,"Hudson, Daniel",Daniel Hudson,LAD,FF,4-Seam Fastball,502,50.3,118,0.231,0.426,0.322,26.3,19.5,16.1,0.257,0.521,0.359,60.0,0.2,2026-06-05
2024,607179,"Weems, Jordan",Jordan Weems,WSH,FF,4-Seam Fastball,451,61.5,118,0.27,0.41,0.356,17.0,14.4,15.7,0.263,0.43,0.359,45.8,-0.3,2026-06-05
2024,641793,"Littell, Zack",Zack Littell,TB,FF,4-Seam Fastball,553,22.3,118,0.266,0.376,0.315,18.7,23.7,14.1,0.262,0.449,0.331,46.3,0.4,2026-06-05
2024,650911,"Sánchez, Cristopher",Cristopher Sánchez,PHI,SL,Slider,469,16.8,117,0.221,0.372,0.281,30.3,24.8,19.5,0.233,0.372,0.273,30.6,0.7,2026-06-05
2024,573186,"Stroman, Marcus",Marcus Stroman,NYY,FC,Cutter,485,18.3,117,0.296,0.519,0.376,18.7,12.8,13.2,0.288,0.481,0.353,41.5,-0.5,2026-06-05
2024,664747,"Díaz, Alexis",Alexis Díaz,CIN,SL,Slider,411,42.1,117,0.214,0.384,0.291,29.8,28.2,20.1,0.228,0.38,0.279,40.5,0.1,2026-06-05
2024,657514,"Bernardino, Brennan",Brennan Bernardino,BOS,SI,Sinker,401,46.6,117,0.29,0.47,0.381,17.0,23.9,22.4,0.243,0.396,0.335,37.0,-0.2,2026-06-05
2024,662253,"Muñoz, Andrés",Andrés Muñoz,SEA,SL,Slider,448,47.1,117,0.138,0.239,0.199,48.5,41.9,29.2,0.156,0.292,0.23,32.8,1.9,2026-06-05
2024,675627,"Grove, Michael",Michael Grove,LAD,SL,Slider,439,53.1,117,0.204,0.292,0.226,32.1,30.8,23.4,0.18,0.319,0.23,28.2,1.2,2026-06-05
2024,592836,"Walker, Taijuan",Taijuan Walker,PHI,SI,Sinker,392,27.3,116,0.367,0.663,0.479,8.2,17.2,24.1,0.322,0.612,0.442,46.2,-2.7,2026-06-05
2024,664854,"Helsley, Ryan",Ryan Helsley,STL,FF,4-Seam Fastball,423,45.4,116,0.276,0.367,0.325,18.4,10.3,12.9,0.257,0.427,0.344,50.0,0.7,2026-06-05
2024,669022,"Gore, MacKenzie",MacKenzie Gore,WSH,FC,Cutter,424,14.2,116,0.255,0.422,0.33,32.3,25.9,18.6,0.267,0.39,0.336,37.8,-0.9,2026-06-05
2024,527048,"Pérez, Martín",Martín Pérez,SD,FC,Cutter,484,22.0,116,0.274,0.566,0.382,21.4,25.0,24.0,0.261,0.547,0.371,45.5,-1.3,2026-06-05
2024,471911,"Carrasco, Carlos",Carlos Carrasco,CLE,CH,Changeup,393,23.2,116,0.241,0.472,0.347,28.4,25.0,17.4,0.225,0.411,0.302,45.6,-1.4,2026-06-05
2024,669461,"Liberatore, Matthew",Matthew Liberatore,STL,SL,Slider,373,27.5,116,0.185,0.25,0.232,38.3,29.3,21.5,0.213,0.288,0.251,32.4,1.5,2026-06-05
2024,573124,"Rogers, Taylor",Taylor Rogers,SF,ST,Sweeper,511,47.2,116,0.279,0.477,0.347,31.6,25.0,16.9,0.217,0.363,0.268,20.7,-0.2,2026-06-05
2024,684320,"Rodríguez, Yariel",Yariel Rodríguez,TOR,FF,4-Seam Fastball,616,41.0,116,0.245,0.418,0.35,22.7,13.8,15.8,0.238,0.382,0.336,35.4,0.2,2026-06-05
2024,668338,"Miller, Tyson",Tyson Miller,CHC,ST,Sweeper,409,43.8,115,0.148,0.278,0.218,26.2,17.4,15.4,0.203,0.374,0.264,26.7,2.0,2026-06-05
2024,665795,"Cabrera, Edward",Edward Cabrera,MIA,FF,4-Seam Fastball,480,27.7,115,0.303,0.528,0.434,15.7,16.5,15.2,0.292,0.553,0.429,60.6,-1.8,2026-06-05
2024,605177,"Chafin, Andrew",Andrew Chafin,TEX,SL,Slider,443,45.8,115,0.127,0.186,0.189,54.7,48.7,28.1,0.152,0.255,0.227,30.6,1.3,2026-06-05
2024,672710,"Contreras, Roansy",Roansy Contreras,LAA,FF,4-Seam Fastball,400,37.2,115,0.233,0.35,0.292,16.2,20.0,21.3,0.275,0.487,0.364,53.1,1.3,2026-06-05
2024,642232,"Yarbrough, Ryan",Ryan Yarbrough,TOR,ST,Sweeper,411,27.1,115,0.115,0.221,0.19,34.4,30.4,17.7,0.158,0.284,0.238,17.1,1.6,2026-06-05
2024,663978,"Paddack, Chris",Chris Paddack,MIN,CH,Changeup,378,25.9,115,0.283,0.519,0.363,24.8,14.8,15.0,0.287,0.579,0.389,37.8,-1.5,2026-06-05
2024,663776,"Sandoval, Patrick",Patrick Sandoval,LAA,CH,Changeup,409,28.3,115,0.208,0.292,0.264,39.0,31.3,21.8,0.215,0.291,0.254,19.7,0.5,2026-06-05
2024,519242,"Sale, Chris",Chris Sale,ATL,CH,Changeup,400,14.2,114,0.155,0.191,0.166,24.2,17.5,14.8,0.204,0.297,0.238,24.4,3.1,2026-06-05
2024,663773,"Hoeing, Bryan",Bryan Hoeing,SD,SI,Sinker,405,51.8,114,0.275,0.373,0.342,10.1,7.9,13.4,0.325,0.536,0.408,51.6,0.9,2026-06-05
2024,669062,"Miller, Erik",Erik Miller,SF,CH,Changeup,430,33.9,114,0.21,0.35,0.297,30.2,25.4,19.9,0.201,0.317,0.281,37.5,0.2,2026-06-05
2024,458681,"Lynn, Lance",Lance Lynn,STL,FC,Cutter,454,22.3,114,0.317,0.426,0.368,26.2,20.2,15.6,0.277,0.431,0.342,38.0,-1.2,2026-06-05
2024,686613,"Brown, Hunter",Hunter Brown,HOU,FC,Cutter,439,15.2,114,0.243,0.379,0.317,21.5,17.5,16.8,0.25,0.379,0.316,32.5,0.3,2026-06-05
2024,650633,"King, Michael",Michael King,SD,ST,Sweeper,514,17.8,113,0.206,0.304,0.279,34.5,32.7,24.3,0.219,0.367,0.294,25.8,0.3,2026-06-05
2024,592866,"Williams, Trevor",Trevor Williams,WSH,FF,4-Seam Fastball,383,36.0,113,0.202,0.279,0.238,17.6,24.8,21.1,0.196,0.336,0.269,44.9,3.1,2026-06-05
2024,676272,"Miller, Bobby",Bobby Miller,LAD,FF,4-Seam Fastball,387,36.8,113,0.362,0.681,0.494,17.6,12.4,16.3,0.348,0.683,0.481,53.8,-2.7,2026-06-05
2024,608334,"Fulmer, Carson",Carson Fulmer,LAA,CH,Changeup,397,27.0,113,0.228,0.347,0.31,36.7,25.7,18.6,0.218,0.294,0.271,27.4,-0.5,2026-06-05
2024,673513,"Matsui, Yuki",Yuki Matsui,SD,FF,4-Seam Fastball,430,41.0,112,0.223,0.447,0.337,19.1,17.0,16.7,0.231,0.41,0.329,40.3,0.5,2026-06-05
2024,677960,"Weathers, Ryan",Ryan Weathers,MIA,CH,Changeup,368,26.0,112,0.193,0.367,0.243,37.9,31.3,26.1,0.197,0.364,0.248,36.0,1.0,2026-06-05
2024,543339,"Hudson, Daniel",Daniel Hudson,LAD,SL,Slider,409,40.9,112,0.135,0.279,0.243,42.9,35.7,27.4,0.148,0.308,0.233,37.5,0.8,2026-06-05
2024,686563,"Cannon, Jonathan",Jonathan Cannon,CWS,CH,Changeup,379,18.7,112,0.248,0.394,0.287,26.9,18.8,15.7,0.261,0.393,0.296,28.4,-0.5,2026-06-05
2024,681857,"Olson, Reese",Reese Olson,DET,SL,Slider,515,27.8,112,0.143,0.194,0.24,45.5,29.5,22.4,0.187,0.286,0.267,33.8,2.2,2026-06-05
2024,592767,"Smyly, Drew",Drew Smyly,CHC,SI,Sinker,485,47.7,112,0.287,0.479,0.388,16.1,6.3,6.8,0.286,0.463,0.372,40.0,-0.1,2026-06-05
2024,621244,"Berríos, José",José Berríos,TOR,FF,4-Seam Fastball,543,18.6,112,0.265,0.48,0.369,19.7,17.9,15.0,0.285,0.533,0.389,44.3,-0.4,2026-06-05
2024,658648,"Avila, Pedro",Pedro Avila,CLE,CH,Changeup,312,22.0,111,0.19,0.3,0.264,35.4,31.5,23.8,0.24,0.393,0.313,39.4,1.6,2026-06-05
2024,471911,"Carrasco, Carlos",Carlos Carrasco,CLE,SL,Slider,412,24.3,111,0.284,0.52,0.391,28.8,27.9,25.6,0.224,0.413,0.302,34.7,-0.9,2026-06-05
2024,615698,"Quantrill, Cal",Cal Quantrill,COL,FF,4-Seam Fastball,431,16.3,111,0.273,0.534,0.414,21.5,20.7,16.1,0.255,0.427,0.376,41.5,-1.9,2026-06-05
2024,657571,"Ferguson, Caleb",Caleb Ferguson,HOU,FF,4-Seam Fastball,407,43.3,111,0.313,0.594,0.434,21.7,24.3,22.7,0.285,0.533,0.394,53.6,-1.4,2026-06-05
2024,573204,"Thielbar, Caleb",Caleb Thielbar,MIN,FF,4-Seam Fastball,385,43.4,111,0.32,0.495,0.382,17.9,19.8,15.3,0.266,0.488,0.367,44.2,-1.2,2026-06-05
2024,681857,"Olson, Reese",Reese Olson,DET,SI,Sinker,371,20.0,111,0.28,0.374,0.29,7.6,9.0,13.3,0.282,0.373,0.294,45.5,2.0,2026-06-05
2024,663559,"Falter, Bailey",Bailey Falter,PIT,SL,Slider,463,21.7,110,0.245,0.304,0.275,28.6,24.5,19.3,0.235,0.365,0.282,41.6,0.2,2026-06-05
2024,668964,"Myers, Tobias",Tobias Myers,MIL,SL,Slider,455,21.1,110,0.198,0.255,0.241,24.8,26.4,18.1,0.209,0.285,0.234,33.8,1.3,2026-06-05
2024,656464,"Ginkel, Kevin",Kevin Ginkel,AZ,SL,Slider,455,38.4,110,0.229,0.362,0.267,42.0,40.0,25.4,0.21,0.319,0.246,40.3,0.3,2026-06-05
2024,593576,"Neris, Héctor",Héctor Neris,HOU,FS,Split-Finger,408,40.5,110,0.232,0.364,0.309,37.0,30.9,22.4,0.202,0.326,0.277,21.5,-0.6,2026-06-05
2024,623167,"Flexen, Chris",Chris Flexen,CWS,CH,Changeup,440,15.7,110,0.257,0.436,0.34,37.9,28.2,18.7,0.23,0.375,0.291,20.8,-1.6,2026-06-05
2024,605452,"Ross, Joe",Joe Ross,MIL,SL,Slider,447,37.3,110,0.237,0.32,0.293,38.4,21.8,17.6,0.244,0.385,0.322,33.3,0.9,2026-06-05
2024,669622,"Bender, Anthony",Anthony Bender,MIA,SI,Sinker,431,45.2,110,0.323,0.417,0.385,11.8,16.4,15.8,0.299,0.428,0.365,46.8,-0.6,2026-06-05
2024,665152,"Kremer, Dean",Dean Kremer,BAL,FS,Split-Finger,401,18.5,110,0.139,0.248,0.227,36.0,30.9,19.0,0.173,0.304,0.249,20.9,0.3,2026-06-05
2024,681867,"Criswell, Cooper",Cooper Criswell,BOS,SI,Sinker,521,29.7,110,0.33,0.511,0.402,7.3,10.9,10.1,0.293,0.444,0.351,45.3,0.4,2026-06-05
2024,643410,"Leiter Jr., Mark",Mark Leiter Jr.,NYY,FS,Split-Finger,366,36.1,110,0.099,0.149,0.164,56.5,60.0,30.7,0.119,0.158,0.168,31.4,2.1,2026-06-05
2024,547179,"Lorenzen, Michael",Michael Lorenzen,KC,CH,Changeup,394,18.8,110,0.122,0.173,0.193,37.3,24.5,17.3,0.164,0.233,0.231,23.9,1.8,2026-06-05
2024,605154,"Brebbia, John",John Brebbia,ATL,FF,4-Seam Fastball,479,48.2,109,0.172,0.293,0.247,25.5,38.5,21.8,0.208,0.376,0.291,49.1,0.9,2026-06-05
2024,681867,"Criswell, Cooper",Cooper Criswell,BOS,ST,Sweeper,471,26.8,109,0.287,0.479,0.379,20.6,21.1,13.1,0.262,0.41,0.339,23.0,-1.7,2026-06-05
2024,694738,"Roupp, Landen",Landen Roupp,SF,CU,Curveball,400,44.2,109,0.224,0.357,0.295,33.5,32.1,21.0,0.193,0.328,0.271,25.4,0.5,2026-06-05
2024,681190,"Vásquez, Randy",Randy Vásquez,SD,FF,4-Seam Fastball,474,28.1,109,0.298,0.447,0.368,22.0,17.4,12.1,0.327,0.583,0.425,50.6,-0.3,2026-06-05
2024,650893,"Cabrera, Génesis",Génesis Cabrera,TOR,FC,Cutter,405,39.3,109,0.202,0.263,0.257,34.1,26.6,18.0,0.224,0.294,0.274,28.6,1.4,2026-06-05
2024,607067,"Rea, Colin",Colin Rea,MIL,ST,Sweeper,446,16.8,109,0.144,0.221,0.184,23.2,27.5,17.8,0.179,0.299,0.226,24.0,1.5,2026-06-05
2024,666205,"Muller, Kyle",Kyle Muller,ATH,FF,4-Seam Fastball,387,53.4,109,0.279,0.394,0.329,21.4,20.2,20.2,0.258,0.399,0.306,43.4,0.9,2026-06-05
2024,593423,"Montas, Frankie",Frankie Montas,MIL,FS,Split-Finger,483,18.3,109,0.218,0.297,0.264,42.6,31.2,18.1,0.211,0.272,0.251,29.9,0.0,2026-06-05
2024,593423,"Montas, Frankie",Frankie Montas,MIL,FC,Cutter,494,18.8,109,0.326,0.609,0.447,22.2,11.0,20.0,0.331,0.637,0.449,50.0,-1.4,2026-06-05
2024,681035,"Scott, Christian",Christian Scott,NYM,FF,4-Seam Fastball,416,52.9,108,0.265,0.388,0.32,22.0,24.1,20.5,0.236,0.406,0.306,50.0,0.8,2026-06-05
2024,596001,"Junis, Jakob",Jakob Junis,CIN,SL,Slider,426,45.2,108,0.183,0.346,0.235,29.2,25.0,17.4,0.231,0.4,0.28,34.6,1.1,2026-06-05
2024,663362,"Waldron, Matt",Matt Waldron,SD,SI,Sinker,358,14.6,108,0.306,0.408,0.365,7.2,8.3,11.3,0.312,0.517,0.389,40.4,0.0,2026-06-05
2024,594902,"Lively, Ben",Ben Lively,CLE,ST,Sweeper,415,17.2,108,0.225,0.412,0.296,25.1,17.6,14.1,0.247,0.393,0.293,31.0,-0.8,2026-06-05
2024,624133,"Suarez, Ranger",Ranger Suarez,PHI,FF,4-Seam Fastball,461,19.6,108,0.224,0.327,0.29,18.0,24.1,20.0,0.25,0.347,0.301,31.9,0.8,2026-06-05
2024,678368,"Bellozo, Valente",Valente Bellozo,MIA,FF,4-Seam Fastball,411,37.6,108,0.247,0.454,0.349,13.3,12.0,12.6,0.266,0.508,0.369,45.9,-0.9,2026-06-05
2024,676974,"Meyer, Max",Max Meyer,MIA,SL,Slider,393,40.6,108,0.243,0.476,0.33,34.3,31.5,21.5,0.182,0.331,0.245,43.5,-0.6,2026-06-05
2024,543135,"Eovaldi, Nathan",Nathan Eovaldi,TEX,FC,Cutter,399,15.2,108,0.317,0.606,0.407,20.5,12.0,15.9,0.284,0.51,0.358,38.0,-1.2,2026-06-05
2024,666142,"Ragans, Cole",Cole Ragans,KC,SL,Slider,400,12.8,108,0.21,0.305,0.255,33.7,44.4,23.3,0.193,0.295,0.224,33.3,-0.9,2026-06-05
2024,656550,"Holmes, Grant",Grant Holmes,ATL,FF,4-Seam Fastball,382,37.3,108,0.238,0.366,0.289,20.3,18.5,22.0,0.253,0.398,0.308,39.5,1.1,2026-06-05
2024,596133,"Weaver, Luke",Luke Weaver,NYY,CH,Changeup,381,27.7,108,0.172,0.263,0.233,48.0,42.6,25.0,0.158,0.252,0.217,29.1,0.9,2026-06-05
2024,656412,"Faedo, Alex",Alex Faedo,DET,FF,4-Seam Fastball,354,35.2,108,0.218,0.437,0.342,24.7,23.1,19.5,0.24,0.404,0.344,36.9,-0.1,2026-06-05
2024,678495,"Rodríguez, Randy",Randy Rodríguez,SF,FF,4-Seam Fastball,427,48.6,107,0.253,0.44,0.349,24.3,24.3,21.5,0.222,0.375,0.316,40.9,-0.5,2026-06-05
2024,642397,"Soto, Gregory",Gregory Soto,BAL,SI,Sinker,450,46.9,107,0.286,0.385,0.34,15.8,11.2,14.0,0.269,0.43,0.365,48.1,0.8,2026-06-05
2024,663362,"Waldron, Matt",Matt Waldron,SD,ST,Sweeper,486,19.8,107,0.227,0.454,0.335,20.1,15.0,16.2,0.21,0.398,0.299,32.9,0.9,2026-06-05
2024,641302,"Alexander, Tyler",Tyler Alexander,TB,FF,4-Seam Fastball,379,22.7,107,0.229,0.49,0.329,24.6,26.2,19.6,0.231,0.443,0.322,44.3,-0.3,2026-06-05
2024,657097,"Webb, Jacob",Jacob Webb,BAL,FF,4-Seam Fastball,413,44.3,107,0.2,0.365,0.343,26.7,26.2,21.7,0.215,0.422,0.357,47.4,-0.1,2026-06-05
2024,663893,"Little, Brendon",Brendon Little,TOR,SI,Sinker,397,57.0,107,0.287,0.457,0.392,21.5,5.6,12.0,0.273,0.421,0.352,41.6,-0.5,2026-06-05
2024,641793,"Littell, Zack",Zack Littell,TB,SI,Sinker,364,14.6,107,0.242,0.421,0.346,14.8,18.7,19.4,0.276,0.534,0.383,54.7,0.0,2026-06-05
2024,693821,"Elder, Bryce",Bryce Elder,ATL,SI,Sinker,370,42.8,107,0.344,0.458,0.386,8.5,14.0,22.1,0.316,0.456,0.374,55.6,-1.3,2026-06-05
2024,518397,"Alexander, Scott",Scott Alexander,ATH,SI,Sinker,364,64.3,106,0.261,0.359,0.317,10.9,9.4,15.4,0.268,0.438,0.35,45.3,1.0,2026-06-05
2024,663704,"McArthur, James",James McArthur,KC,SI,Sinker,322,35.7,106,0.327,0.459,0.372,13.7,13.2,22.2,0.28,0.45,0.345,44.0,-0.6,2026-06-05
2024,572020,"Paxton, James",James Paxton,BOS,CU,Curveball,517,30.3,106,0.2,0.3,0.254,36.2,28.3,17.6,0.224,0.365,0.274,45.1,0.5,2026-06-05
2024,687792,"Herz, DJ",DJ Herz,WSH,CH,Changeup,389,24.5,106,0.224,0.388,0.299,26.0,21.7,15.6,0.224,0.369,0.284,23.7,-0.9,2026-06-05
2024,663567,"Lambert, Peter",Peter Lambert,COL,FF,4-Seam Fastball,399,38.4,106,0.318,0.534,0.408,11.8,13.2,14.9,0.281,0.447,0.368,38.2,-0.5,2026-06-05
2024,605121,"Anderson, Justin",Justin Anderson,CWS,SL,Slider,428,45.3,106,0.217,0.37,0.318,41.0,32.1,21.8,0.211,0.389,0.316,32.8,-0.4,2026-06-05
2024,573009,"Mantiply, Joe",Joe Mantiply,AZ,SI,Sinker,368,42.4,106,0.218,0.317,0.264,16.8,15.1,23.2,0.255,0.42,0.311,54.1,2.6,2026-06-05
2024,622491,"Castillo, Luis",Luis Castillo,SEA,CH,Changeup,408,14.3,106,0.287,0.545,0.376,26.5,16.0,12.1,0.294,0.503,0.36,36.9,-2.0,2026-06-05
2024,623149,"Sewald, Paul",Paul Sewald,AZ,FF,4-Seam Fastball,376,59.8,105,0.253,0.484,0.341,24.3,27.6,23.6,0.235,0.472,0.33,47.8,-0.7,2026-06-05
2024,676534,"Faucher, Calvin",Calvin Faucher,MIA,FC,Cutter,374,37.9,105,0.258,0.355,0.301,26.9,17.1,17.1,0.27,0.336,0.3,41.0,1.6,2026-06-05
2024,640455,"Manaea, Sean",Sean Manaea,NYM,CH,Changeup,350,11.7,105,0.25,0.438,0.33,25.5,14.3,11.9,0.252,0.383,0.307,32.9,-0.7,2026-06-05
2024,548389,"Stripling, Ross",Ross Stripling,ATH,FF,4-Seam Fastball,417,30.7,105,0.25,0.424,0.332,17.2,20.0,14.8,0.21,0.415,0.313,37.5,0.0,2026-06-05
2024,663372,"Feltner, Ryan",Ryan Feltner,COL,SI,Sinker,354,13.7,105,0.274,0.369,0.377,17.9,13.3,20.0,0.241,0.345,0.349,28.6,-0.4,2026-06-05
2024,552640,"Kittredge, Andrew",Andrew Kittredge,STL,SI,Sinker,383,37.3,105,0.301,0.419,0.353,12.5,8.6,12.5,0.316,0.515,0.385,40.2,0.0,2026-06-05
2024,681676,"Fernandez, Ryan",Ryan Fernandez,STL,FF,4-Seam Fastball,487,40.9,105,0.302,0.384,0.36,20.5,16.2,14.4,0.283,0.443,0.381,44.4,0.0,2026-06-05
2024,647336,"Soroka, Michael",Michael Soroka,CWS,FF,4-Seam Fastball,467,32.4,104,0.207,0.366,0.319,21.0,21.2,15.5,0.205,0.361,0.325,29.7,0.3,2026-06-05
2024,623465,"Phillips, Evan",Evan Phillips,LAD,ST,Sweeper,354,38.6,104,0.198,0.337,0.244,30.6,37.5,26.9,0.197,0.347,0.24,28.6,0.2,2026-06-05
2024,650644,"Civale, Aaron",Aaron Civale,MIL,CU,Curveball,423,15.7,104,0.25,0.479,0.338,27.5,37.5,20.2,0.228,0.373,0.293,42.1,-1.4,2026-06-05
2024,676775,"Winn, Keaton",Keaton Winn,SF,FS,Split-Finger,343,40.5,104,0.215,0.355,0.294,28.2,24.0,20.3,0.251,0.434,0.331,47.8,0.6,2026-06-05
2024,667755,"Soriano, José",José Soriano,LAA,CU,Curveball,440,25.3,103,0.226,0.376,0.3,40.2,43.7,28.8,0.181,0.337,0.267,35.4,-0.7,2026-06-05
2024,544150,"Suárez, Albert",Albert Suárez,BAL,FC,Cutter,435,19.5,103,0.24,0.365,0.279,31.0,16.5,15.2,0.245,0.404,0.3,30.9,0.6,2026-06-05
2024,670174,"Winckowski, Josh",Josh Winckowski,BOS,FC,Cutter,436,35.2,103,0.253,0.495,0.347,23.3,15.5,18.0,0.303,0.51,0.379,51.3,0.1,2026-06-05
2024,683769,"Gaddis, Hunter",Hunter Gaddis,CLE,FF,4-Seam Fastball,412,38.3,103,0.219,0.417,0.297,17.9,17.5,14.8,0.226,0.42,0.303,43.6,1.3,2026-06-05
2024,605130,"Barlow, Scott",Scott Barlow,CLE,ST,Sweeper,444,43.4,103,0.181,0.265,0.295,40.5,30.1,23.8,0.178,0.252,0.274,18.5,0.4,2026-06-05
2024,663855,"Hicks, Jordan",Jordan Hicks,SF,FS,Split-Finger,373,19.1,103,0.181,0.287,0.253,40.8,36.9,19.8,0.174,0.31,0.251,23.2,-0.1,2026-06-05
2024,663554,"Mize, Casey",Casey Mize,DET,SL,Slider,466,26.0,103,0.287,0.529,0.417,20.8,13.6,8.9,0.283,0.442,0.363,41.3,-1.4,2026-06-05
2024,607259,"Martinez, Nick",Nick Martinez,CIN,SI,Sinker,368,17.3,103,0.242,0.379,0.309,9.1,11.7,16.4,0.262,0.355,0.302,27.7,0.8,2026-06-05
2024,696136,"Wicks, Jordan",Jordan Wicks,CHC,FF,4-Seam Fastball,384,45.1,103,0.281,0.438,0.36,16.1,18.4,15.6,0.262,0.452,0.355,42.3,-0.6,2026-06-05
2024,607536,"Freeland, Kyle",Kyle Freeland,COL,CU,Curveball,333,18.8,102,0.194,0.276,0.232,42.0,46.1,26.3,0.176,0.268,0.211,41.2,0.6,2026-06-05
2024,656546,"Hoffman, Jeff",Jeff Hoffman,PHI,FF,4-Seam Fastball,363,36.3,102,0.198,0.374,0.284,32.8,35.3,30.8,0.214,0.432,0.314,50.0,1.5,2026-06-05
2024,682120,"Herrin, Tim",Tim Herrin,CLE,CU,Curveball,357,35.3,102,0.137,0.221,0.198,42.0,44.1,27.1,0.147,0.226,0.209,22.0,1.9,2026-06-05
2024,663372,"Feltner, Ryan",Ryan Feltner,COL,CH,Changeup,379,14.7,102,0.299,0.485,0.356,39.4,27.5,26.2,0.219,0.367,0.27,34.3,-1.0,2026-06-05
2024,660896,"Alcala, Jorge",Jorge Alcala,MIN,SL,Slider,360,38.7,102,0.204,0.323,0.277,32.6,30.4,22.3,0.186,0.296,0.253,25.8,1.0,2026-06-05
2024,458681,"Lynn, Lance",Lance Lynn,STL,SI,Sinker,340,16.7,102,0.289,0.47,0.412,11.0,8.8,14.8,0.303,0.482,0.399,35.5,-0.5,2026-06-05
2024,660853,"De Los Santos, Enyel",Enyel De Los Santos,CWS,SL,Slider,484,42.9,102,0.2,0.442,0.306,42.2,34.3,21.2,0.221,0.427,0.306,38.3,0.0,2026-06-05
2024,687863,"Hodge, Porter",Porter Hodge,CHC,FF,4-Seam Fastball,393,61.2,102,0.174,0.291,0.277,20.8,22.5,24.0,0.198,0.338,0.306,41.3,1.0,2026-06-05
2024,672335,"Pérez, Cionel",Cionel Pérez,BAL,SI,Sinker,331,38.3,102,0.256,0.314,0.328,19.2,13.7,17.3,0.258,0.376,0.334,44.6,0.2,2026-06-05
2024,542888,"Armstrong, Shawn",Shawn Armstrong,CHC,FF,4-Seam Fastball,368,33.2,101,0.198,0.341,0.276,33.7,38.6,24.8,0.218,0.425,0.315,44.2,0.8,2026-06-05
2024,607625,"Lugo, Seth",Seth Lugo,KC,SV,Slurve,327,10.5,101,0.229,0.292,0.247,27.4,21.8,23.4,0.214,0.31,0.252,28.0,1.5,2026-06-05
2024,663559,"Falter, Bailey",Bailey Falter,PIT,SI,Sinker,296,13.9,101,0.275,0.451,0.349,15.6,7.9,10.4,0.344,0.621,0.439,65.1,0.3,2026-06-05
2024,680736,"Wrobleski, Justin",Justin Wrobleski,LAD,FF,4-Seam Fastball,350,59.1,101,0.205,0.386,0.308,23.0,16.8,16.5,0.212,0.37,0.306,29.6,0.9,2026-06-05
2024,680573,"Woods Richardson, Simeon",Simeon Woods Richardson,MIN,CH,Changeup,442,19.3,101,0.311,0.622,0.417,20.5,15.8,11.0,0.252,0.451,0.333,39.7,-3.6,2026-06-05
2024,670970,"Morejon, Adrian",Adrian Morejon,SD,SI,Sinker,385,36.2,101,0.315,0.427,0.383,14.8,9.9,15.2,0.246,0.356,0.318,28.7,0.3,2026-06-05
2024,686563,"Cannon, Jonathan",Jonathan Cannon,CWS,ST,Sweeper,442,21.8,101,0.255,0.489,0.344,28.2,24.8,16.4,0.209,0.376,0.273,28.6,-1.7,2026-06-05
2024,592791,"Taillon, Jameson",Jameson Taillon,CHC,CU,Curveball,364,14.7,101,0.235,0.429,0.297,23.2,25.7,16.9,0.237,0.399,0.287,43.1,-1.1,2026-06-05
2024,670059,"Holderman, Colin",Colin Holderman,PIT,ST,Sweeper,413,47.5,101,0.165,0.22,0.215,39.8,40.6,24.6,0.158,0.246,0.221,28.8,1.5,2026-06-05
2024,666157,"Lodolo, Nick",Nick Lodolo,CIN,FF,4-Seam Fastball,516,27.7,100,0.191,0.393,0.295,27.9,36.0,18.2,0.19,0.403,0.299,49.1,-0.4,2026-06-05
2024,676974,"Meyer, Max",Max Meyer,MIA,FF,4-Seam Fastball,383,39.6,100,0.33,0.648,0.44,13.8,10.0,11.6,0.313,0.622,0.421,57.3,-1.9,2026-06-05
2024,683004,"Leiter, Jack",Jack Leiter,TEX,FF,4-Seam Fastball,344,51.4,100,0.35,0.625,0.466,29.1,16.0,14.7,0.298,0.593,0.426,54.4,-3.2,2026-06-05
2024,679525,"Marsh, Alec",Alec Marsh,KC,SI,Sinker,299,13.8,100,0.333,0.536,0.421,10.6,10.0,18.9,0.314,0.548,0.417,50.0,-1.4,2026-06-05
2024,600917,"Leclerc, José",José Leclerc,TEX,SL,Slider,384,31.9,100,0.223,0.383,0.269,45.4,44.0,28.8,0.208,0.343,0.249,26.4,0.7,2026-06-05
2024,808967,"Yamamoto, Yoshinobu",Yoshinobu Yamamoto,LAD,FS,Split-Finger,355,24.2,100,0.17,0.266,0.213,38.6,42.0,22.3,0.186,0.26,0.228,37.7,0.6,2026-06-05
2024,554430,"Wheeler, Zack",Zack Wheeler,PHI,ST,Sweeper,393,12.5,100,0.143,0.265,0.226,33.5,34.0,26.8,0.157,0.266,0.2,26.6,0.9,2026-06-05
2024,592836,"Walker, Taijuan",Taijuan Walker,PHI,FS,Split-Finger,318,22.2,100,0.38,0.652,0.456,16.3,12.0,9.5,0.292,0.577,0.391,53.7,-4.9,2026-06-05
2024,656849,"Peterson, David",David Peterson,NYM,SL,Slider,345,18.4,100,0.287,0.447,0.339,33.9,30.0,19.2,0.248,0.438,0.318,50.0,-1.3,2026-06-05
2024,669203,"Burnes, Corbin",Corbin Burnes,BAL,SL,Slider,383,12.8,100,0.198,0.271,0.225,46.0,39.0,22.2,0.188,0.307,0.232,31.6,0.5,2026-06-05
2024,689225,"Brieske, Beau",Beau Brieske,DET,FF,4-Seam Fastball,457,39.7,100,0.231,0.282,0.312,20.9,29.0,18.6,0.189,0.319,0.308,44.2,0.7,2026-06-05
2024,669713,"Wesneski, Hayden",Hayden Wesneski,CHC,ST,Sweeper,437,40.7,100,0.174,0.348,0.258,43.3,46.0,25.8,0.162,0.288,0.234,26.1,0.4,2026-06-05
2024,656234,"Bird, Jake",Jake Bird,COL,SI,Sinker,303,44.3,100,0.309,0.42,0.391,12.4,9.0,15.5,0.311,0.512,0.424,45.2,-0.9,2026-06-05
2024,669302,"Gilbert, Logan",Logan Gilbert,SEA,FS,Split-Finger,398,13.1,100,0.104,0.167,0.147,50.0,59.0,24.0,0.111,0.148,0.144,29.7,0.9,2026-06-05
2024,624133,"Suarez, Ranger",Ranger Suarez,PHI,CH,Changeup,384,16.3,100,0.229,0.323,0.276,35.0,24.0,17.4,0.25,0.346,0.277,26.4,-0.4,2026-06-05
