"last_name, first_name",player_id,team_id,team,position,age,competitive_runs,bolts,hp_to_1b,sprint_speed
"Carroll, Corbin",682998,109,AZ,LF,21,55,31.0,4.05,30.7
"Siri, Jose",642350,139,TB,CF,26,104,46.0,4.2,30.3
"Witt Jr., Bobby",677951,118,KC,SS,22,221,107.0,4.13,30.3
"Turner, Trea",607208,119,LAD,SS,29,292,131.0,4.14,30.3
"Thompson, Bubba",669352,140,TEX,LF,24,66,44.0,4.17,30.3
"Locastro, Tim",641796,147,NYY,RF,29,21,12.0,4.18,30.2
"Mateo, Jorge",622761,110,BAL,SS,27,172,69.0,4.2,30.1
"McCarthy, Jake",664983,109,AZ,RF,24,152,71.0,4.21,30.1
"Mitchell, Garrett",669003,158,MIL,CF,23,24,11.0,4.01,30.1
"Bernard, Wynton",592144,115,COL,CF,31,25,14.0,4.08,30.0
"White, Eli",642201,140,TEX,CF,28,31,20.0,4.11,30.0
"DeLuzio, Ben",641512,138,STL,CF,27,11,5.0,,30.0
"Cruz, Oneil",665833,134,PIT,SS,23,129,52.0,4.19,29.9
"Ruiz, Esteury",665923,158,MIL,LF,23,18,8.0,4.31,29.8
"Adell, Jo",666176,108,LAA,LF,23,92,27.0,4.31,29.7
"Rodríguez, Julio",677594,136,SEA,CF,21,223,74.0,4.24,29.7
"O'Neill, Tyler",641933,138,STL,LF,27,115,36.0,4.28,29.7
"Hill, Derek",656537,116,DET,CF,26,32,15.0,4.23,29.6
"Eaton, Nate",681987,118,KC,3B,25,46,11.0,4.17,29.6
"Berti, Jon",542932,146,MIA,2B,32,171,35.0,4.26,29.5
"Sierra, Magneuris",642423,108,LAA,CF,26,35,14.0,4.07,29.5
"Quinn, Roman",596451,139,TB,CF,29,18,10.0,,29.5
"Vierling, Matt",663837,143,PHI,CF,25,121,20.0,4.35,29.5
"Rosario, Amed",642708,114,CLE,SS,26,369,91.0,4.17,29.4
"Hampson, Garrett",641658,115,COL,CF,27,84,23.0,4.25,29.4
"Sosa, Edmundo",624641,143,PHI,SS,26,80,18.0,4.32,29.4
"Peña, Jeremy",665161,117,HOU,SS,24,219,38.0,4.28,29.4
"Azócar, José",640492,135,SD,CF,26,95,21.0,4.34,29.4
"Kennedy, Buddy",671083,109,AZ,2B,23,34,7.0,4.27,29.4
"Harris II, Michael",671739,144,ATL,CF,21,228,47.0,4.22,29.4
"Thomas, Lane",657041,120,WSH,CF,26,197,39.0,4.38,29.4
"Taveras, Leody",665750,140,TEX,CF,23,124,31.0,4.22,29.3
"Chisholm Jr., Jazz",665862,146,MIA,2B,24,77,12.0,4.18,29.3
"Thomas, Alek",677950,109,AZ,CF,22,202,11.0,4.13,29.3
"Straw, Myles",664702,114,CLE,CF,27,264,50.0,4.14,29.3
"Trout, Mike",545361,108,LAA,CF,30,123,27.0,4.3,29.3
"Raley, Luke",670042,139,TB,LF,27,18,2.0,,29.3
"Zimmer, Bradley",605548,141,TOR,CF,29,43,8.0,4.23,29.3
"Giménez, Andrés",665926,114,CLE,2B,23,205,44.0,4.13,29.3
"Duran, Jarren",680776,111,BOS,CF,25,96,14.0,4.13,29.2
"McKenna, Ryan",663630,110,BAL,CF,25,73,10.0,4.2,29.2
"Benson, Will",666181,114,CLE,CF,24,23,2.0,4.33,29.2
"Kiermaier, Kevin",595281,139,TB,CF,32,96,5.0,4.12,29.2
"Engel, Adam",641553,145,CWS,CF,30,93,9.0,4.2,29.1
"Fox, Lucius",665650,120,WSH,SS,24,13,3.0,,29.1
"Buxton, Byron",621439,142,MIN,CF,28,92,23.0,4.15,29.1
"Velazquez, Andrew",623205,108,LAA,SS,27,107,35.0,4.23,29.1
"Hoerner, Nico",663538,112,CHC,SS,25,230,12.0,4.28,29.1
"Bader, Harrison",664056,147,NYY,CF,28,130,17.0,4.27,29.1
"Fairchild, Stuart",656413,113,CIN,LF,26,35,2.0,4.26,29.1
"Jankowski, Travis",608671,136,SEA,RF,31,38,6.0,4.18,29.1
"Wade, Tyler",642180,108,LAA,2B,27,50,7.0,4.16,29.1
"Duran, Ezequiel",677649,140,TEX,3B,23,94,7.0,4.33,29.1
"Stott, Bryson",681082,143,PHI,SS,24,204,18.0,4.21,29.0
"Henderson, Gunnar",683002,110,BAL,3B,21,59,2.0,4.19,29.0
"Gosselin, Phil",594838,108,LAA,3B,33,25,1.0,4.34,29.0
"Miller, Owen",680911,114,CLE,1B,25,197,17.0,4.3,29.0
"Phillips, Brett",621433,110,BAL,CF,28,54,3.0,4.14,29.0
"Abrams, CJ",682928,120,WSH,SS,21,138,24.0,4.21,29.0
"Bae, Ji Hwan",678225,134,PIT,CF,22,24,5.0,,29.0
"Peraza, Oswald",672724,147,NYY,SS,22,31,2.0,4.31,28.9
"McCutchen, Andrew",457705,158,MIL,DH,35,180,15.0,4.38,28.9
"Haggerty, Sam",664059,136,SEA,RF,28,80,6.0,4.33,28.9
"Brinson, Lewis",621446,137,SF,CF,28,10,1.0,,28.9
"Wong, Connor",657136,111,BOS,C,26,25,,4.33,28.9
"Lowe, Josh",666139,139,TB,RF,24,60,8.0,4.21,28.9
"Meyers, Jake",676694,117,HOU,CF,26,57,1.0,4.35,28.9
"Baddoo, Akil",668731,116,DET,LF,23,85,5.0,4.12,28.9
"Marsh, Brandon",669016,143,PHI,LF,24,160,6.0,4.27,28.8
"Guthrie, Dalton",656495,143,PHI,RF,26,10,,,28.8
"Morel, Christopher",666624,112,CHC,CF,23,148,6.0,4.38,28.8
"Semien, Marcus",543760,140,TEX,2B,31,243,9.0,4.37,28.8
"Grisham, Trent",663757,135,SD,CF,25,175,8.0,4.35,28.8
"Hummel, Cooper",669450,109,AZ,LF,27,67,,4.31,28.8
"Lux, Gavin",666158,119,LAD,2B,24,216,4.0,4.19,28.8
"Gonzalez, Oscar",660757,114,CLE,RF,24,181,2.0,4.35,28.8
"Chavis, Michael",656308,134,PIT,1B,26,143,1.0,4.36,28.8
"Robles, Victor",645302,120,WSH,CF,25,131,27.0,4.37,28.8
"Marcano, Tucupita",672779,134,PIT,LF,22,66,,4.27,28.8
"Martin Jr., Richie",621006,110,BAL,2B,27,12,,,28.8
"Arozarena, Randy",668227,139,TB,LF,27,262,13.0,4.27,28.8
"Walls, Taylor",670764,139,TB,SS,25,157,5.0,4.23,28.8
"Edman, Tommy",669242,138,STL,SS,27,263,12.0,4.25,28.7
"Taylor, Michael A.",572191,118,KC,CF,31,148,15.0,4.26,28.7
"Realmuto, J.T.",592663,143,PHI,C,31,219,5.0,4.35,28.7
"Marisnick, Jake",545350,134,PIT,CF,31,27,2.0,4.41,28.7
"Hilliard, Sam",656541,115,COL,LF,28,66,4.0,4.2,28.7
"Aquino, Aristides",606157,113,CIN,RF,28,78,2.0,4.42,28.7
"Williams, Luke",663897,146,MIA,LF,25,47,2.0,4.25,28.7
"Senzel, Nick",669222,113,CIN,CF,27,152,2.0,4.41,28.7
"Alfaro, Jorge",595751,135,SD,C,29,89,,4.41,28.7
"Langeliers, Shea",669127,133,ATH,DH,24,45,,4.49,28.7
"Suwinski, Jack",669261,134,PIT,LF,23,110,3.0,4.32,28.6
"Solak, Nick",669256,140,TEX,LF,27,39,1.0,4.4,28.6
"Merrifield, Whit",593160,141,TOR,2B,33,194,1.0,4.33,28.6
"Nimmo, Brandon",607043,121,NYM,CF,29,299,30.0,4.18,28.6
"McCormick, Chas",676801,117,HOU,CF,27,140,5.0,4.27,28.6
"Gonzalez, Romy",663853,145,CWS,2B,25,42,1.0,4.37,28.6
"Cordero, Franchy",614173,111,BOS,1B,27,80,4.0,4.27,28.6
"Olivares, Edward",658668,118,KC,RF,26,76,1.0,4.36,28.6
"Hernández, Teoscar",606192,141,TOR,RF,29,184,5.0,4.33,28.6
"Cameron, Daz",663662,116,DET,RF,25,25,1.0,4.41,28.6
"Waters, Drew",671221,118,KC,RF,23,40,,,28.6
"Garrett, Stone",656448,109,AZ,LF,26,24,1.0,4.46,28.6
"Pache, Cristian",665506,133,ATH,CF,23,109,,4.39,28.6
"Bruján, Vidal",660644,139,TB,2B,24,53,2.0,4.28,28.5
"Acuña Jr., Ronald",660670,144,ATL,RF,24,199,25.0,4.26,28.5
"Muñoz, Yairo",622168,143,PHI,2B,27,33,,4.33,28.5
"Hermosillo, Michael",641684,112,CHC,CF,27,18,,,28.5
"Taylor, Chris",621035,119,LAD,LF,31,116,,4.35,28.5
"Biggio, Cavan",624415,141,TOR,2B,27,85,,4.35,28.5
"Hensley, David",682073,117,HOU,DH,26,15,,4.34,28.5
"Barrera, Luis",642456,133,ATH,RF,26,40,3.0,4.22,28.5
"Palacios, Joshua",641943,120,WSH,RF,26,21,,4.2,28.5
"Garcia, Maikel",672580,118,KC,SS,22,10,1.0,,28.5
"Mullins, Cedric",656775,110,BAL,CF,27,214,18.0,4.16,28.5
"Peterson, Jace",607054,158,MIL,3B,32,116,3.0,4.25,28.5
"Ramírez, José",608070,114,CLE,3B,29,237,6.0,4.22,28.5
"Taylor, Tyrone",621438,158,MIL,CF,28,147,2.0,4.5,28.4
"Story, Trevor",596115,111,BOS,2B,29,126,5.0,4.32,28.4
"Kwan, Steven",680757,114,CLE,LF,24,301,17.0,4.16,28.4
"Kiner-Falefa, Isiah",643396,147,NYY,SS,27,273,,4.27,28.4
"Strange-Gordon, Dee",543829,120,WSH,SS,34,34,1.0,4.13,28.4
"Anderson, Tim",641313,145,CWS,SS,29,156,29.0,4.31,28.4
"Iglesias, Jose",578428,115,COL,SS,32,217,8.0,4.24,28.4
"Kim, Ha-Seong",673490,135,SD,SS,26,245,1.0,4.39,28.4
"García, Leury",544725,145,CWS,2B,31,141,4.0,4.18,28.4
"Chang, Yu",644374,111,BOS,2B,26,65,,4.52,28.4
"Ward, Taylor",621493,108,LAA,RF,28,169,6.0,4.4,28.4
"Chapman, Matt",656305,141,TOR,3B,29,161,,4.44,28.4
"Swanson, Dansby",621020,144,ATL,SS,28,225,9.0,4.33,28.4
"Call, Alex",669743,120,WSH,LF,27,40,,4.36,28.4
"Contreras, Mark",676628,142,MIN,CF,27,20,,4.35,28.4
"Lewis, Royce",668904,142,MIN,SS,23,18,,,28.4
"Mercado, Óscar",640458,114,CLE,RF,27,42,,4.41,28.4
"McKinstry, Zach",656716,112,CHC,2B,27,57,,4.31,28.3
"Castro, Willi",650489,116,DET,RF,25,152,,4.29,28.3
"Wallner, Matt",670242,142,MIN,RF,24,21,,4.32,28.3
"Suzuki, Seiya",673548,112,CHC,RF,27,152,2.0,4.33,28.3
"Allen, Greg",656185,134,PIT,LF,29,48,3.0,4.45,28.3
"Toglia, Michael",669911,115,COL,RF,23,34,,,28.3
"Hernández, César",514917,120,WSH,2B,32,242,19.0,4.26,28.3
"Moore, Dylan",664238,136,SEA,RF,29,79,,4.4,28.3
"Cain, Lorenzo",456715,158,MIL,CF,36,67,2.0,4.4,28.3
"García, Avisaíl",541645,146,MIA,RF,31,144,,4.54,28.3
"Palacios, Jermaine",650339,142,MIN,SS,25,25,,4.45,28.3
"Springer, George",543807,141,TOR,CF,32,213,2.0,4.37,28.3
"Ohtani, Shohei",660271,108,LAA,DH,27,211,9.0,4.09,28.2
"Reynolds, Bryan",668804,134,PIT,CF,27,202,1.0,4.34,28.2
"Moniak, Mickey",666160,108,LAA,CF,24,32,3.0,4.32,28.2
"Demeritte, Travis",641513,144,ATL,RF,27,35,,4.46,28.2
"Smith, Josh",669701,140,TEX,3B,24,67,,4.32,28.2
"Kreidler, Ryan",668952,116,DET,3B,24,22,,4.38,28.2
"Clement, Ernie",676391,133,ATH,3B,26,72,,4.32,28.2
"Dalbec, Bobby",666915,111,BOS,1B,27,92,,4.49,28.2
"Cronenworth, Jake",630105,135,SD,2B,28,241,1.0,4.34,28.2
"Myers, Wil",571976,135,SD,RF,31,98,,4.43,28.2
"Dubón, Mauricio",643289,117,HOU,CF,27,96,,4.28,28.2
"Velázquez, Nelson",676369,112,CHC,CF,23,74,,4.43,28.2
"Gutiérrez, Kelvin",642721,110,BAL,3B,27,14,,,28.2
"Tapia, Raimel",606132,141,TOR,LF,28,198,10.0,4.27,28.2
"Estrada, Thairo",642731,137,SF,2B,26,235,6.0,4.3,28.2
"Slater, Austin",596103,137,SF,CF,29,115,7.0,4.36,28.2
"Nootbaar, Lars",663457,138,STL,RF,24,141,,4.28,28.2
"Burdick, Peyton",680814,146,MIA,CF,25,25,,4.43,28.2
"González, Luis",670768,137,SF,RF,26,123,,4.25,28.2
"Escobar, Alcides",444876,120,WSH,SS,35,44,1.0,4.41,28.2
"Haseley, Adam",656514,145,CWS,CF,26,17,1.0,,28.2
"Yelich, Christian",592885,158,MIL,LF,30,258,8.0,4.37,28.1
"Jones, Nolan",666134,114,CLE,RF,24,29,,4.41,28.1
"Lee, Korey",686676,117,HOU,C,23,11,,,28.1
"Freeman, Tyler",671289,114,CLE,3B,23,42,,4.4,28.1
"Polanco, Jorge",593871,142,MIN,2B,28,109,1.0,4.18,28.1
"Daza, Yonathan",602074,115,COL,CF,28,218,,4.35,28.1
"Friedl, TJ",670770,113,CIN,LF,26,76,,4.27,28.1
"Ramírez, Harold",623912,139,TB,DH,27,192,1.0,4.33,28.1
"Bethancourt, Christian",542194,139,TB,C,30,115,,4.43,28.1
"Davis, Jonathan",641505,158,MIL,CF,30,33,,4.41,28.1
"Bouchard, Sean",656248,115,COL,LF,26,23,,,28.1
"Carlson, Dylan",666185,138,STL,CF,23,194,,4.32,28.1
"Bellinger, Cody",641355,119,LAD,CF,26,138,2.0,4.23,28.1
"Altuve, Jose",514888,117,HOU,2B,32,249,39.0,4.23,28.1
"Arias, Gabriel",672356,114,CLE,3B,22,25,,4.44,28.0
"Varsho, Daulton",662139,109,AZ,RF,25,198,,4.27,28.0
"Heredia, Guillermo",628338,144,ATL,RF,31,26,,4.38,28.0
"Cave, Jake",595909,142,MIN,LF,29,51,,4.31,28.0
"Isbel, Kyle",664728,118,KC,RF,25,110,1.0,4.33,28.0
"Leblanc, Charles",641779,146,MIA,2B,26,54,,4.33,28.0
"González, Erik",570481,146,MIA,3B,30,15,,,28.0
"Duvall, Adam",594807,144,ATL,CF,33,90,,4.46,28.0
"Grichuk, Randal",545341,115,COL,RF,30,216,,4.5,28.0
"Toro, Abraham",647351,136,SEA,2B,25,122,,4.31,28.0
"Rengifo, Luis",650859,108,LAA,2B,25,230,,4.31,27.9
"Marte, Starling",516782,121,NYM,RF,33,233,13.0,4.28,28.0
"Ahmed, Nick",605113,109,AZ,SS,32,24,,4.47,27.9
"Florial, Estevan",664314,147,NYY,CF,24,13,1.0,,27.9
"Báez, Javier",595879,116,DET,SS,29,243,,4.34,27.9
"Pham, Tommy",502054,111,BOS,LF,34,215,,4.54,27.9
"Margot, Manuel",622534,139,TB,RF,27,148,3.0,4.33,27.9
"García, Adolis",666969,140,TEX,RF,29,214,12.0,4.35,27.9
"Gamel, Ben",592325,134,PIT,LF,30,144,1.0,4.35,27.9
"Robert Jr., Luis",673357,145,CWS,CF,24,160,8.0,4.38,27.9
"Celestino, Gilberto",665482,142,MIN,CF,23,159,1.0,4.49,27.9
"Bogaerts, Xander",593428,111,BOS,SS,29,256,1.0,4.31,27.9
"Escobar, Eduardo",500871,121,NYM,3B,33,150,,4.29,27.9
"Grossman, Robbie",543257,144,ATL,LF,32,121,,4.39,27.9
"Haase, Eric",606992,116,DET,C,29,119,,4.5,27.9
"Madris, Bligh",676632,134,PIT,RF,26,49,,4.38,27.9
"Happ, Ian",664023,112,CHC,LF,27,239,,4.32,27.9
"Newman, Kevin",621028,134,PIT,2B,28,136,,4.39,27.9
"Fraley, Jake",641584,113,CIN,LF,27,87,,4.26,27.9
"Hicks, Aaron",543305,147,NYY,CF,32,128,,4.26,27.9
"Dozier, Hunter",641531,118,KC,1B,30,177,,4.49,27.9
"Hayes, Ke'Bryan",663647,134,PIT,3B,25,212,,4.41,27.9
"Culberson, Charlie",518586,140,TEX,3B,33,57,,4.33,27.8
"Kepler, Max",596146,142,MIN,RF,29,170,2.0,4.34,27.8
"Arroyo, Christian",624414,111,BOS,2B,27,123,,4.42,27.8
"Palacios, Richie",680700,114,CLE,LF,25,45,,4.34,27.8
"Bolt, Skye",621450,133,ATH,CF,28,37,1.0,4.45,27.8
"Rooker, Brent",667670,118,KC,LF,27,10,,,27.8
"Owings, Chris",572008,110,BAL,2B,30,25,,4.34,27.8
"Torkelson, Spencer",679529,116,DET,1B,22,129,,4.55,27.8
"Brown, Seth",664913,133,ATH,1B,29,162,,4.51,27.8
"Fortes, Nick",663743,146,MIA,C,25,82,,4.48,27.8
"Blackmon, Charlie",453568,115,COL,DH,35,220,1.0,4.36,27.8
"Wisdom, Patrick",621550,112,CHC,3B,30,143,,4.5,27.8
"Franco, Wander",677551,139,TB,SS,21,142,1.0,4.29,27.8
"Barrero, José",676480,113,CIN,SS,24,38,,4.49,27.8
"Naquin, Tyler",571980,121,NYM,RF,31,96,,4.43,27.8
"Hays, Austin",669720,110,BAL,LF,26,235,,4.36,27.8
"De La Cruz, Bryan",650559,146,MIA,CF,25,125,1.0,4.52,27.8
"Pollock, AJ",572041,145,CWS,LF,34,212,1.0,4.42,27.8
"Gordon, Nick",624503,142,MIN,LF,26,158,1.0,4.41,27.8
"Melendez, MJ",669004,118,KC,C,23,167,,4.21,27.8
"Riley, Austin",663586,144,ATL,3B,25,249,,4.5,27.8
"Mondesi, Adalberto",609275,118,KC,SS,26,12,5.0,,27.8
"Adames, Willy",642715,158,MIL,SS,26,168,1.0,4.41,27.8
"Burger, Jake",669394,145,CWS,3B,26,64,,4.5,27.7
"Thompson, Trayce",572204,119,LAD,LF,31,70,,4.48,27.7
"Duggar, Steven",621453,108,LAA,CF,28,20,,,27.7
"DeJong, Paul",657557,138,STL,SS,28,53,,4.47,27.7
"Grissom, Vaughn",687093,144,ATL,2B,21,67,,4.47,27.7
"Encarnacion, Jerar",666464,146,MIA,LF,24,29,,4.48,27.7
"Greene, Riley",682985,116,DET,CF,21,168,,4.29,27.7
"Lopez, Nicky",670032,118,KC,2B,27,230,,4.24,27.7
"India, Jonathan",663697,113,CIN,2B,25,143,,4.46,27.7
"Díaz, Aledmys",649557,117,HOU,LF,31,125,1.0,4.33,27.7
"Luplow, Jordan",656669,109,AZ,RF,28,61,,4.45,27.7
"Segura, Jean",516416,143,PHI,2B,32,200,3.0,4.3,27.7
"Stevenson, Cal",670276,133,ATH,CF,25,22,,,27.7
"Tucker, Cole",657061,134,PIT,RF,25,22,,4.35,27.7
"Brosseau, Mike",670712,158,MIL,3B,28,46,,4.49,27.7
"Bleday, JJ",668709,146,MIA,CF,24,51,,4.42,27.7
"Allen, Nick",669397,133,ATH,SS,23,140,,4.42,27.7
"Alcántara, Sergio",642727,109,AZ,3B,25,83,,4.43,27.7
"Castellanos, Nick",592206,143,PHI,RF,30,214,,4.43,27.7
"Harper, Bryce",547180,143,PHI,DH,29,171,,4.4,27.6
"Kirilloff, Alex",666135,142,MIN,LF,24,74,,4.32,27.6
"Walton, Donovan",622268,137,SF,SS,28,38,,4.32,27.6
"Lindor, Francisco",596019,121,NYM,SS,28,259,,4.43,27.6
"Sosa, Lenyn",672820,145,CWS,SS,22,15,,4.57,27.6
"Benintendi, Andrew",643217,147,NYY,LF,27,195,1.0,4.38,27.6
"Laureano, Ramón",657656,133,ATH,RF,27,120,,4.43,27.6
"Rosario, Eddie",592696,144,ATL,LF,30,83,,4.27,27.6
"Almora Jr., Albert",546991,113,CIN,RF,28,110,,4.45,27.6
"Smith, Kevin",675656,133,ATH,3B,25,46,,4.48,27.6
"Cabrera, Oswaldo",665828,147,NYY,RF,23,52,,4.47,27.6
"Mathias, Mark",664029,140,TEX,DH,27,23,,4.43,27.6
"Anderson, Brian",605119,146,MIA,3B,29,133,,4.44,27.5
"Reyes, Victor",622682,116,DET,RF,27,127,,4.5,27.6
"Albies, Ozzie",645277,144,ATL,2B,25,94,3.0,4.2,27.5
"Contreras, Willson",575929,112,CHC,C,30,182,,4.43,27.5
"Peralta, David",444482,139,TB,LF,34,158,,4.44,27.5
"Lagares, Juan",501571,108,LAA,RF,33,24,,4.49,27.5
"Lowe, Brandon",664040,139,TB,2B,27,90,,4.37,27.5
"Hiura, Keston",669374,158,MIL,1B,25,53,,4.62,27.5
"Moreno, Gabriel",672515,141,TOR,C,22,33,1.0,4.32,27.5
"Goodrum, Niko",592348,117,HOU,2B,30,12,,,27.5
"Bichette, Bo",666182,141,TOR,SS,24,254,,4.5,27.5
"Smith, Will",669257,119,LAD,C,27,169,,4.5,27.5
"Brennan, Will",686823,114,CLE,LF,24,26,,4.41,27.5
"Mountcastle, Ryan",663624,110,BAL,1B,25,170,,4.51,27.5
"Jansen, Danny",643376,141,TOR,C,27,68,,4.51,27.5
"Soto, Livan",670869,108,LAA,SS,22,22,,,27.5
"Payton, Mark",592622,145,CWS,LF,30,11,,,27.5
"Canha, Mark",592192,121,NYM,LF,33,215,,4.46,27.5
"Steer, Spencer",668715,113,CIN,3B,24,35,,4.53,27.4
"Capel, Conner",668843,133,ATH,RF,25,23,,4.33,27.4
"Moncada, Yoán",660162,145,CWS,3B,27,125,,4.39,27.4
"Ramos, Heliot",671218,137,SF,RF,22,10,,,27.4
"Betts, Mookie",605141,119,LAD,RF,29,214,,4.42,27.4
"Park, Hoy",660829,134,PIT,2B,26,22,,4.32,27.4
"Garcia, Dérmis",660650,133,ATH,1B,24,42,,4.65,27.4
"Madrigal, Nick",663611,112,CHC,2B,25,116,,4.37,27.4
"Andujar, Miguel",609280,134,PIT,LF,27,58,,4.51,27.4
"Tovar, Ezequiel",678662,115,COL,SS,20,10,,,27.4
"Ibáñez, Andy",628451,140,TEX,3B,29,49,,4.42,27.4
"Reynolds, Matt",608703,113,CIN,2B,31,103,,4.58,27.4
"Castro, Rodolfo",666801,134,PIT,2B,23,105,,4.45,27.4
"McNeil, Jeff",643446,121,NYM,2B,30,231,,4.16,27.4
"Wendle, Joey",621563,146,MIA,3B,32,178,,4.29,27.3
"Castillo, Diego",660636,134,PIT,SS,24,94,,4.56,27.3
"Rojas, Josh",668942,109,AZ,3B,28,182,,4.37,27.3
"Clemens, Kody",665019,116,DET,3B,26,42,,4.46,27.3
"Gregorius, Didi",544369,143,PHI,SS,32,87,,4.38,27.3
"Carpenter, Kerry",681481,116,DET,DH,24,36,,4.42,27.3
"Gurriel Jr., Lourdes",666971,141,TOR,LF,28,193,,4.44,27.3
"Judge, Aaron",592450,147,NYY,CF,30,184,,4.66,27.3
"Sánchez, Jesús",660821,146,MIA,CF,24,128,,4.48,27.3
"Perdomo, Geraldo",672695,109,AZ,SS,22,175,,4.48,27.3
"Mayfield, Jack",608686,108,LAA,3B,31,27,,4.42,27.3
"Bryant, Kris",592178,115,COL,LF,30,75,,4.47,27.3
"Kelenic, Jarred",672284,136,SEA,CF,22,49,1.0,4.39,27.3
"Stubbs, Garrett",596117,143,PHI,C,29,40,,4.41,27.3
"Vavra, Terrin",679631,110,BAL,2B,25,34,,4.51,27.3
"Candelario, Jeimer",600869,116,DET,3B,28,169,,4.51,27.3
"Bart, Joey",663698,137,SF,C,25,64,,4.61,27.2
"O'Hearn, Ryan",656811,118,KC,DH,28,38,,4.54,27.2
"Donovan, Brendan",680977,138,STL,2B,25,234,1.0,4.38,27.2
"Muncy, Max",571970,119,LAD,3B,31,132,,4.43,27.2
"Meadows, Austin",640457,116,DET,RF,27,43,,4.41,27.2
"Pratto, Nick",668472,118,KC,1B,23,43,,4.4,27.2
"Gallo, Joey",608336,119,LAD,LF,28,64,,4.58,27.2
"Rutschman, Adley",668939,110,BAL,C,24,174,,4.4,27.1
"Vargas, Ildemaro",545121,120,WSH,3B,30,107,,4.48,27.1
"Harrison, Josh",543281,145,CWS,2B,34,148,,4.48,27.1
"Hager, Jake",606993,109,AZ,2B,29,23,,4.61,27.1
"Renfroe, Hunter",592669,158,MIL,RF,30,146,,4.52,27.1
"Lowe, Nathaniel",663993,140,TEX,1B,26,227,,4.39,27.1
"Refsnyder, Rob",608701,111,BOS,RF,31,52,,4.47,27.1
"Miller, Brad",543543,140,TEX,LF,32,73,,4.44,27.1
"Correa, Carlos",621043,142,MIN,SS,27,192,1.0,4.57,27.1
"Díaz, Yandy",650490,139,TB,3B,30,235,,4.52,27.1
"Odor, Rougned",596059,110,BAL,2B,28,116,1.0,4.39,27.1
"Ortega, Rafael",542364,112,CHC,CF,31,111,,4.52,27.1
"Massey, Michael",686681,118,KC,2B,24,63,,4.47,27.1
"McKinney, Billy",641856,133,ATH,RF,27,18,,4.44,27.0
"Bradley Jr., Jackie",598265,141,TOR,RF,32,156,,4.42,27.1
"Heyward, Jason",518792,112,CHC,CF,32,61,,4.42,27.0
"Bohm, Alec",664761,143,PHI,3B,25,274,,4.59,27.0
"Stowers, Kyle",669065,110,BAL,LF,24,30,,,27.0
"Jung, Josh",673962,140,TEX,3B,24,32,,4.57,27.0
"Drury, Brandon",592273,135,SD,3B,29,211,,4.52,27.0
"Schoop, Jonathan",570731,116,DET,2B,30,196,,4.61,27.0
"Soler, Jorge",624585,146,MIA,LF,30,82,,4.65,27.0
"Gorman, Nolan",669357,138,STL,2B,22,64,,4.37,27.0
"Herrera, Odúbel",546318,143,PHI,CF,30,79,1.0,4.26,27.0
"García Jr., Luis",671277,120,WSH,SS,22,161,,4.27,27.0
"Yastrzemski, Mike",573262,137,SF,CF,31,153,,4.4,27.0
"Espinal, Santiago",669289,141,TOR,2B,27,207,,4.38,27.0
"Huff, Sam",669087,140,TEX,C,24,39,,4.61,27.0
"Marte, Ketel",606466,109,AZ,2B,28,207,1.0,4.46,27.0
"Contreras, William",661388,144,ATL,C,24,140,,4.51,27.0
"Larnach, Trevor",663616,142,MIN,LF,25,64,,4.48,27.0
"Dickerson, Corey",572816,138,STL,LF,33,130,,4.35,27.0
"Beckham, Tim",542921,142,MIN,DH,32,10,,,26.9
"Mejía, Francisco",642336,139,TB,C,26,96,,4.41,26.9
"Gurriel, Yuli",493329,117,HOU,1B,38,236,,4.44,26.9
"Hernández, Enrique",571771,111,BOS,CF,30,142,,4.56,26.9
"Torres, Gleyber",650402,147,NYY,2B,25,167,,4.51,26.9
"Bride, Jonah",681146,133,ATH,2B,26,69,,4.51,26.9
"Crawford, J.P.",641487,136,SEA,SS,27,238,,4.44,26.9
"Bemboom, Anthony",621532,110,BAL,C,32,18,,4.52,26.9
"Rivera, Emmanuel",656896,109,AZ,3B,26,146,,4.68,26.9
"Baty, Brett",683146,121,NYM,3B,22,14,,,26.9
"Arraez, Luis",650333,142,MIN,1B,25,240,,4.48,26.9
"Montero, Elehuris",660707,115,COL,3B,23,61,,4.66,26.9
"Haniger, Mitch",571745,136,SEA,RF,31,68,,4.6,26.9
"Freeman, Freddie",518692,119,LAD,1B,32,270,,4.48,26.9
"Murphy, Tom",608596,136,SEA,C,31,12,,,26.8
"Frazier, Adam",624428,136,SEA,2B,30,244,,4.4,26.8
"Duffy, Matt",622110,108,LAA,3B,31,95,,4.56,26.8
"Trammell, Taylor",666211,136,SEA,RF,24,33,,4.35,26.8
"Verdugo, Alex",657077,111,BOS,LF,26,253,,4.38,26.8
"Joe, Connor",656582,115,COL,LF,29,180,,4.56,26.8
"Beaty, Matt",607461,135,SD,RF,29,14,,,26.8
"Pinto, René",650907,139,TB,C,25,21,,4.46,26.8
"Yepez, Juan",660766,138,STL,LF,24,96,,4.66,26.8
"Trejo, Alan",676701,115,COL,SS,26,44,,4.7,26.8
"Garlick, Kyle",664247,142,MIN,LF,30,50,,4.67,26.8
"Villar, Jonathan",542340,108,LAA,2B,31,97,,4.42,26.8
"Raleigh, Cal",663728,136,SEA,C,25,96,,4.57,26.8
"MacKinnon, David",676950,133,ATH,1B,27,14,,,26.7
"Maton, Nick",665155,143,PHI,2B,25,20,,,26.7
"Matijevic, J.J.",656695,117,HOU,DH,26,23,,4.35,26.8
"Hernández, Yonny",660634,109,AZ,3B,24,16,,,26.8
"Farmer, Kyle",571657,113,CIN,SS,31,225,,4.57,26.7
"Guerrero Jr., Vladimir",665489,141,TOR,1B,23,294,,4.56,26.7
"Villar, David",681584,137,SF,3B,25,46,,4.6,26.7
"Vosler, Jason",613564,137,SF,3B,28,39,,4.55,26.7
"Heineman, Tyler",623168,134,PIT,C,31,55,,4.45,26.7
"Rodgers, Brendan",663898,115,COL,2B,25,246,,4.51,26.7
"Tucker, Kyle",663656,117,HOU,RF,25,171,,4.5,26.7
"Urías, Ramón",602104,110,BAL,3B,28,160,,4.66,26.7
"Adams, Riley",656180,120,WSH,C,26,48,,4.62,26.7
"Barnes, Austin",605131,119,LAD,C,32,74,,4.65,26.7
"Bote, David",623520,112,CHC,3B,29,46,,4.5,26.6
"Simmons, Andrelton",592743,112,CHC,SS,32,41,,4.54,26.6
"Sheets, Gavin",657757,145,CWS,RF,26,140,,4.51,26.6
"Santander, Anthony",623993,110,BAL,RF,27,166,,4.66,26.6
"Proctor, Ford",665154,137,SF,2B,25,12,,,26.6
"Ozuna, Marcell",542303,144,ATL,DH,31,141,,4.66,26.6
"Frazier, Clint",640449,112,CHC,DH,27,16,,,26.6
"Alvarez, Yordan",670541,117,HOU,DH,25,172,,4.52,26.6
"Soto, Juan",665742,135,SD,RF,23,276,,4.39,26.6
"Bregman, Alex",608324,117,HOU,3B,28,215,,4.6,26.6
"Stephenson, Tyler",663886,113,CIN,C,25,61,,4.64,26.6
"Walker, Christian",572233,109,AZ,1B,31,199,,4.64,26.6
"Profar, Jurickson",595777,135,SD,LF,29,243,,4.47,26.6
"Lopez, Alejo",664670,113,CIN,2B,26,65,,4.4,26.6
"Smith, Pavin",656976,109,AZ,RF,26,87,,4.57,26.6
"Robinson, Chuckie",642020,113,CIN,C,27,26,,4.61,26.5
"Almonte, Abraham",501659,111,BOS,CF,33,13,,,26.5
"Knapp, Andrew",595284,137,SF,C,30,13,,,26.5
"Davis, J.D.",605204,137,SF,DH,29,103,,4.7,26.5
"Groshans, Jordan",677954,146,MIA,3B,22,24,,4.56,26.5
"Serven, Brian",661531,115,COL,C,27,69,,4.52,26.4
"Neuse, Sheldon",641914,133,ATH,3B,27,124,,4.62,26.4
"Nola, Austin",543592,135,SD,C,32,169,,4.74,26.4
"Schwarber, Kyle",656941,143,PHI,LF,29,152,,4.51,26.4
"Arcia, Orlando",606115,144,ATL,2B,27,84,,4.7,26.4
"Adrianza, Ehire",501303,144,ATL,3B,32,42,,4.37,26.4
"Urías, Luis",649966,158,MIL,3B,25,149,,4.63,26.4
"LeMahieu, DJ",518934,147,NYY,3B,33,226,,4.69,26.4
"Rojas, Jose",670351,108,LAA,3B,29,12,,,26.4
"Rojas, Miguel",500743,146,MIA,SS,33,215,,4.61,26.4
"Gonzalez, Marwin",503556,147,NYY,SS,33,54,,4.55,26.4
"Stefanic, Michael",683021,108,LAA,2B,26,29,,4.59,26.4
"Garver, Mitch",641598,140,TEX,DH,31,53,,4.68,26.4
"Higgins, P.J.",664731,112,CHC,C,29,82,,4.51,26.4
"Machado, Manny",592518,135,SD,3B,29,210,,4.71,26.4
"Olson, Matt",621566,144,ATL,1B,28,211,,4.65,26.3
"Rivas III, Alfonso",663845,112,CHC,1B,25,93,,4.62,26.3
"Cooper, Garrett",643265,146,MIA,1B,31,158,,4.66,26.3
"Gomes, Yan",543228,112,CHC,C,34,109,,4.72,26.3
"Goldschmidt, Paul",502671,138,STL,1B,34,224,,4.61,26.3
"Castro, Jason",488771,117,HOU,C,35,17,,4.54,26.3
"Hall, Darick",669742,143,PHI,DH,26,37,,4.74,26.3
"Castro, Harold",605612,116,DET,1B,28,165,,4.5,26.3
"Smith, Dominic",642086,121,NYM,1B,27,54,,4.52,26.3
"Kemp, Tony",643393,133,ATH,2B,30,207,,4.45,26.3
"Mazara, Nomar",608577,135,SD,RF,27,62,,4.58,26.3
"Bell, Josh",605137,135,SD,1B,29,262,,4.61,26.2
"Rendon, Anthony",543685,108,LAA,3B,32,53,,4.69,26.3
"Miranda, Jose",669304,142,MIN,1B,24,167,,4.61,26.2
"Vaughn, Andrew",683734,145,CWS,LF,24,223,,4.71,26.2
"Seager, Corey",608369,140,TEX,SS,28,210,,4.66,26.2
"Araúz, Jonathan",660620,110,BAL,3B,23,14,,,26.2
"Torrens, Luis",620443,136,SEA,C,26,47,,4.79,26.2
"Wong, Kolten",543939,158,MIL,2B,31,175,,4.45,26.2
"Paredes, Isaac",670623,139,TB,3B,23,126,,4.76,26.2
"Martinez, J.D.",502110,111,BOS,DH,34,194,,4.68,26.1
"Andrus, Elvis",462101,145,CWS,SS,33,230,,4.6,26.1
"Murphy, Sean",669221,133,ATH,C,27,213,,4.61,26.1
"d'Arnaud, Travis",518595,144,ATL,C,33,177,,4.69,26.1
"Fletcher, David",664058,108,LAA,2B,28,82,,4.48,26.1
"Delay, Jason",641511,134,PIT,C,27,53,,4.75,26.1
"McCann, James",543510,121,NYM,C,32,53,,4.76,26.1
"Henry, Payton",668721,146,MIA,C,25,14,,4.73,26.1
"Diaz, Jordan",672478,133,ATH,2B,21,36,,4.79,26.1
"VanMeter, Josh",642165,134,PIT,2B,27,50,,4.62,26.1
"Campusano, Luis",669134,135,SD,C,23,18,,4.79,26.1
"Mitchell, Cal",668751,134,PIT,RF,23,96,,4.71,26.1
"Mendick, Danny",664901,145,CWS,SS,28,41,1.0,4.63,26.1
"Abreu, José",547989,145,CWS,1B,35,251,,4.63,26.1
"Tsutsugo, Yoshi",660294,134,PIT,1B,30,61,,4.46,26.1
"Díaz, Elias",553869,115,COL,C,31,130,,4.64,26.1
"Lamb, Jake",571875,136,SEA,DH,31,31,,,26.1
"Jeffers, Ryan",680777,142,MIN,C,25,69,,4.73,26.1
"Carpenter, Matt",572761,147,NYY,DH,36,37,,4.54,26.0
"McGuire, Reese",624512,111,BOS,C,27,90,,4.51,26.0
"Heim, Jonah",641680,140,TEX,C,27,140,,4.79,26.0
"Garcia, Aramis",605244,113,CIN,C,29,23,,4.69,26.0
"Pederson, Joc",592626,137,SF,LF,30,104,,4.44,26.0
"Zavala, Seby",664874,145,CWS,C,28,51,,4.71,26.0
"Reyes, Franmil",614177,112,CHC,DH,26,147,,4.8,26.0
"Aranda, Jonathan",666018,139,TB,2B,24,36,,4.55,26.0
"Alberto, Hanser",593643,119,LAD,2B,29,73,,4.53,25.9
"Wade Jr., LaMonte",664774,137,SF,RF,28,65,,4.67,25.9
"Hoskins, Rhys",656555,143,PHI,1B,29,194,,4.73,25.9
"Walsh, Jared",665120,108,LAA,1B,28,143,,4.55,25.9
"Pinder, Chad",640461,133,ATH,LF,30,140,,4.7,25.9
"Guillorme, Luis",641645,121,NYM,2B,27,155,,4.51,25.9
"Dickerson, Alex",543105,144,ATL,DH,32,13,,,25.9
"Solano, Donovan",456781,113,CIN,1B,34,107,,4.61,25.9
"Suárez, Eugenio",553993,136,SEA,3B,30,152,,4.81,25.9
"Knizner, Andrew",668800,138,STL,C,27,110,,4.69,25.8
"Meneses, Joey",608841,120,WSH,1B,30,95,,4.7,25.8
"Higashioka, Kyle",543309,147,NYY,C,32,64,,4.72,25.8
"Hosmer, Eric",543333,111,BOS,1B,32,182,,4.57,25.8
"McMahon, Ryan",641857,115,COL,3B,27,189,,4.59,25.8
"Mercedes, Yermín",606213,137,SF,DH,29,23,,,25.8
"Urshela, Gio",570482,142,MIN,3B,30,191,,4.53,25.8
"Calhoun, Willie",641432,137,SF,DH,27,20,,,25.8
"Santana, Carlos",467793,136,SEA,1B,36,145,,4.67,25.7
"Ruf, Darin",573131,121,NYM,1B,35,108,,4.78,25.7
"Vogt, Stephen",519390,133,ATH,DH,37,49,,4.57,25.7
"Kelly, Carson",608348,109,AZ,C,27,120,,4.82,25.7
"Donaldson, Josh",518626,147,NYY,3B,36,160,,4.58,25.7
"Zunino, Mike",572287,139,TB,C,31,19,,,25.7
"Jiménez, Eloy",650391,145,CWS,DH,25,120,,4.62,25.7
"Alonso, Pete",624413,121,NYM,1B,27,197,,4.67,25.7
"Machín, Vimael",605353,133,ATH,3B,28,94,,4.71,25.7
"Nevin, Tyler",663527,110,BAL,3B,25,48,,4.74,25.7
"Pasquantino, Vinnie",686469,118,KC,1B,24,94,,4.72,25.6
"Hernandez, Yadiel",628450,120,WSH,LF,34,118,,4.61,25.6
"Winker, Jesse",608385,136,SEA,LF,28,133,,4.67,25.6
"Schwindel, Frank",643524,112,CHC,1B,30,106,,4.65,25.6
"Devers, Rafael",646240,111,BOS,3B,25,203,,4.56,25.6
"Mancini, Trey",641820,117,HOU,DH,30,180,,4.76,25.6
"Viloria, Meibrys",650619,140,TEX,C,25,23,,,25.6
"Nido, Tomás",621512,121,NYM,C,28,115,,4.82,25.6
"Stassi, Max",545358,108,LAA,C,31,119,,4.86,25.6
"Cruz, Nelson",443558,120,WSH,DH,41,186,,4.8,25.5
"Maile, Luke",571912,114,CLE,C,31,63,,4.73,25.5
"Vázquez, Christian",543877,117,HOU,C,31,174,,4.66,25.5
"Arenado, Nolan",571448,138,STL,3B,31,181,,4.71,25.5
"Rizzo, Anthony",519203,147,NYY,1B,32,149,,4.66,25.5
"Franco, Maikel",596748,120,WSH,3B,29,144,,4.88,25.5
"Crawford, Brandon",543063,137,SF,SS,35,170,,4.53,25.5
"Calhoun, Kole",594777,140,TEX,RF,34,101,,4.65,25.4
"Brantley, Michael",488726,117,HOU,DH,35,87,,4.72,25.4
"Longoria, Evan",446334,137,SF,3B,36,79,,4.7,25.4
"Reks, Zach",676646,140,TEX,LF,28,10,,,25.4
"Naylor, Josh",647304,114,CLE,1B,25,191,,4.63,25.3
"Votto, Joey",458015,113,CIN,1B,38,106,,4.75,25.3
"Ruiz, Keibert",660688,120,WSH,C,23,149,,4.76,25.3
"Perez, Salvador",521692,118,KC,C,32,128,,4.78,25.3
"Rios, Edwin",621458,119,LAD,DH,28,23,,4.62,25.3
"Burleson, Alec",676475,138,STL,RF,23,17,,4.56,25.3
"Herrera, Jose",645444,109,AZ,C,25,57,,4.64,25.3
"Flores, Wilmer",527038,137,SF,2B,30,176,,4.7,25.3
"Cron, C.J.",543068,115,COL,1B,32,181,,4.84,25.2
"Sánchez, Gary",596142,142,MIN,C,29,129,,4.72,25.2
"Piscotty, Stephen",572039,133,ATH,RF,31,38,,4.69,25.2
"Pérez, Roberto",547379,134,PIT,C,33,19,,,25.2
"Moustakas, Mike",519058,113,CIN,DH,33,67,,4.77,25.1
"Lowrie, Jed",476704,133,ATH,DH,38,48,,4.9,25.1
"Choi, Ji Man",596847,139,TB,1B,31,118,,4.56,25.1
"Trevino, Jose",624431,147,NYY,C,29,129,,4.69,25.1
"Rivero, Sebastián",665861,118,KC,C,23,11,,,25.0
"Turner, Justin",457759,119,LAD,3B,37,164,,4.86,25.0
"Quiroz, Esteban",606019,112,CHC,2B,30,15,,,25.0
"Caratini, Victor",605170,158,MIL,C,28,98,,4.85,24.9
"Casas, Triston",671213,111,BOS,1B,22,28,,4.63,24.9
"Wynns, Austin",642851,137,SF,C,31,68,,4.87,24.9
"Gallagher, Cam",595956,118,KC,C,29,12,,,24.9
"La Stella, Tommy",600303,137,SF,DH,33,72,,4.67,24.9
"Camargo, Johan",622666,143,PHI,SS,28,50,,4.72,24.8
"Plawecki, Kevin",608700,140,TEX,C,31,64,,4.91,24.8
"Romine, Austin",519222,113,CIN,C,33,47,,4.85,24.8
"France, Ty",664034,136,SEA,1B,27,229,,4.88,24.8
"Voit, Luke",572228,120,WSH,DH,31,123,,4.96,24.7
"Díaz, Lewin",650331,146,MIA,1B,25,42,,4.74,24.7
"Beer, Seth",666179,109,AZ,DH,25,42,,4.81,24.7
"Papierski, Michael",657709,113,CIN,C,26,33,,4.84,24.7
"Casali, Curt",592200,136,SEA,C,33,37,,4.99,24.6
"Collins, Zack",641470,134,PIT,DH,27,23,,,24.6
"Pérez, Michael",605421,121,NYM,C,29,31,,4.93,24.5
"Stanton, Giancarlo",519317,147,NYY,DH,32,121,,5.04,24.5
"Hedges, Austin",595978,114,CLE,C,29,93,,4.94,24.5
"Thaiss, Matt",642136,108,LAA,C,27,27,,4.85,24.5
"Astudillo, Willians",553902,146,MIA,2B,30,23,,4.76,24.5
"Canó, Robinson",429664,144,ATL,2B,39,40,,4.74,24.4
"Ford, Mike",645801,108,LAA,1B,29,30,,4.79,24.4
"Belt, Brandon",474832,137,SF,1B,34,57,,4.8,24.4
"Narváez, Omar",553882,158,MIL,C,30,79,,4.99,24.3
"Suzuki, Kurt",435559,108,LAA,C,38,40,,5.01,24.3
"Mazeika, Patrick",664850,121,NYM,C,28,28,,4.71,24.3
"Wallach, Chad",595453,108,LAA,C,30,11,,,24.2
"Kirk, Alejandro",672386,141,TOR,C,23,198,,4.89,24.2
"Moran, Colin",592567,113,CIN,1B,29,37,,4.88,24.2
"Barrera, Tres",668663,120,WSH,C,27,19,,,24.1
"Lewis, Kyle",641786,136,SEA,DH,26,13,,4.97,24.1
"Vogelbach, Daniel",596129,121,NYM,DH,29,110,,4.9,24.0
"Tellez, Rowdy",642133,158,MIL,1B,27,152,,4.83,24.0
"Aguilar, Jesús",542583,110,BAL,1B,32,125,,5.01,24.0
"Barnhart, Tucker",571466,116,DET,C,31,109,,4.88,23.9
"Stallings, Jacob",607732,146,MIA,C,32,119,,5.04,23.7
"Chirinos, Robinson",455139,110,BAL,C,38,48,,5.11,23.7
"León, Sandy",506702,142,MIN,C,33,19,,,23.7
"Cabrera, Miguel",408234,116,DET,DH,39,150,,5.13,23.1
"Pujols, Albert",405395,138,STL,DH,42,97,,5.08,22.7
"Maldonado, Martín",455117,117,HOU,C,35,98,,5.07,22.6
"Grandal, Yasmani",518735,145,CWS,C,33,96,,5.26,22.1
"Molina, Yadier",425877,138,STL,C,39,81,,5.07,21.8
